ablation,sample_size,replicate,seed,full_tv_error,ablated_tv_error,full_better,invalid_category,full_invalid_mass,ablated_invalid_mass,full_invalid_top1,ablated_invalid_top1
A2_remove_industry_prior,1,0,11729,0.0323232323232323,0.17121212121212126,True,,,,,
A4_remove_hierarchical_pooling,1,0,11729,0.0323232323232323,0.44999999999999996,True,,,,,
A2_remove_industry_prior,1,1,11730,0.1569023569023569,0.2823232323232323,True,,,,,
A4_remove_hierarchical_pooling,1,1,11730,0.1569023569023569,0.8200000000000001,True,,,,,
A2_remove_industry_prior,1,2,11731,0.10639730639730642,0.27555555555555555,True,,,,,
A4_remove_hierarchical_pooling,1,2,11731,0.10639730639730642,0.9,True,,,,,
A2_remove_industry_prior,1,3,11732,0.06767676767676771,0.20151515151515154,True,,,,,
A4_remove_hierarchical_pooling,1,3,11732,0.06767676767676771,0.44999999999999996,True,,,,,
A2_remove_industry_prior,1,4,11733,0.10198653198653201,0.17454545454545461,True,,,,,
A4_remove_hierarchical_pooling,1,4,11733,0.10198653198653201,0.44999999999999996,True,,,,,
A2_remove_industry_prior,1,5,11734,0.0597979797979798,0.15101010101010104,True,,,,,
A4_remove_hierarchical_pooling,1,5,11734,0.0597979797979798,0.44999999999999996,True,,,,,
A2_remove_industry_prior,1,6,11735,0.12909090909090915,0.2654545454545455,True,,,,,
A4_remove_hierarchical_pooling,1,6,11735,0.12909090909090915,0.8200000000000001,True,,,,,
A2_remove_industry_prior,1,7,11736,0.07663299663299666,0.24525252525252528,True,,,,,
A4_remove_hierarchical_pooling,1,7,11736,0.07663299663299666,0.44999999999999996,True,,,,,
A2_remove_industry_prior,1,8,11737,0.036329966329966386,0.1611111111111111,True,,,,,
A4_remove_hierarchical_pooling,1,8,11737,0.036329966329966386,0.44999999999999996,True,,,,,
A2_remove_industry_prior,1,9,11738,0.07353535353535358,0.2048484848484849,True,,,,,
A4_remove_hierarchical_pooling,1,9,11738,0.07353535353535358,0.44999999999999996,True,,,,,
A2_remove_industry_prior,1,10,11739,0.1181818181818182,0.18464646464646467,True,,,,,
A4_remove_hierarchical_pooling,1,10,11739,0.1181818181818182,0.44999999999999996,True,,,,,
A2_remove_industry_prior,1,11,11740,0.036498316498316516,0.16111111111111112,True,,,,,
A4_remove_hierarchical_pooling,1,11,11740,0.036498316498316516,0.44999999999999996,True,,,,,
A2_remove_industry_prior,1,12,11741,0.033030303030303076,0.19141414141414143,True,,,,,
A4_remove_hierarchical_pooling,1,12,11741,0.033030303030303076,0.44999999999999996,True,,,,,
A2_remove_industry_prior,1,13,11742,0.1356565656565657,0.24525252525252533,True,,,,,
A4_remove_hierarchical_pooling,1,13,11742,0.1356565656565657,0.44999999999999996,True,,,,,
A2_remove_industry_prior,1,14,11743,0.058754208754208684,0.08363636363636368,True,,,,,
A4_remove_hierarchical_pooling,1,14,11743,0.058754208754208684,0.44999999999999996,True,,,,,
A2_remove_industry_prior,1,15,11744,0.0676767676767677,0.214949494949495,True,,,,,
A4_remove_hierarchical_pooling,1,15,11744,0.0676767676767677,0.44999999999999996,True,,,,,
A2_remove_industry_prior,1,16,11745,0.1720538720538721,0.19141414141414143,True,,,,,
A4_remove_hierarchical_pooling,1,16,11745,0.1720538720538721,0.44999999999999996,True,,,,,
A2_remove_industry_prior,1,17,11746,0.04296296296296295,0.24191919191919198,True,,,,,
A4_remove_hierarchical_pooling,1,17,11746,0.04296296296296295,0.44999999999999996,True,,,,,
A2_remove_industry_prior,1,18,11747,0.1567340067340067,0.2621212121212121,True,,,,,
A4_remove_hierarchical_pooling,1,18,11747,0.1567340067340067,0.44999999999999996,True,,,,,
A2_remove_industry_prior,1,19,11748,0.20811447811447814,0.2217171717171717,True,,,,,
A4_remove_hierarchical_pooling,1,19,11748,0.20811447811447814,0.83,True,,,,,
A2_remove_industry_prior,1,20,11749,0.26464646464646463,0.2924242424242425,True,,,,,
A4_remove_hierarchical_pooling,1,20,11749,0.26464646464646463,0.83,True,,,,,
A2_remove_industry_prior,1,21,11750,0.22424242424242424,0.3260606060606061,True,,,,,
A4_remove_hierarchical_pooling,1,21,11750,0.22424242424242424,0.9,True,,,,,
A2_remove_industry_prior,1,22,11751,0.07343434343434349,0.24191919191919192,True,,,,,
A4_remove_hierarchical_pooling,1,22,11751,0.07343434343434349,0.44999999999999996,True,,,,,
A2_remove_industry_prior,1,23,11752,0.04996632996632999,0.18131313131313134,True,,,,,
A4_remove_hierarchical_pooling,1,23,11752,0.04996632996632999,0.44999999999999996,True,,,,,
A2_remove_industry_prior,1,24,11753,0.2233670033670034,0.30252525252525253,True,,,,,
A4_remove_hierarchical_pooling,1,24,11753,0.2233670033670034,0.8200000000000001,True,,,,,
A2_remove_industry_prior,1,25,11754,0.1407744107744108,0.2621212121212121,True,,,,,
A4_remove_hierarchical_pooling,1,25,11754,0.1407744107744108,0.9,True,,,,,
A2_remove_industry_prior,1,26,11755,0.21245791245791246,0.342929292929293,True,,,,,
A4_remove_hierarchical_pooling,1,26,11755,0.21245791245791246,0.83,True,,,,,
A2_remove_industry_prior,1,27,11756,0.09026936026936032,0.19141414141414143,True,,,,,
A4_remove_hierarchical_pooling,1,27,11756,0.09026936026936032,0.44999999999999996,True,,,,,
A2_remove_industry_prior,1,28,11757,0.12404040404040406,0.353030303030303,True,,,,,
A4_remove_hierarchical_pooling,1,28,11757,0.12404040404040406,0.8200000000000001,True,,,,,
A2_remove_industry_prior,1,29,11758,0.09531986531986533,0.2823232323232323,True,,,,,
A4_remove_hierarchical_pooling,1,29,11758,0.09531986531986533,0.83,True,,,,,
A2_remove_industry_prior,1,30,11759,0.10976430976430974,0.18464646464646467,True,,,,,
A4_remove_hierarchical_pooling,1,30,11759,0.10976430976430974,0.44999999999999996,True,,,,,
A2_remove_industry_prior,1,31,11760,0.16010101010101008,0.18131313131313134,True,,,,,
A4_remove_hierarchical_pooling,1,31,11760,0.16010101010101008,0.44999999999999996,True,,,,,
A2_remove_industry_prior,1,32,11761,0.2358585858585859,0.2351515151515152,False,,,,,
A4_remove_hierarchical_pooling,1,32,11761,0.2358585858585859,0.8200000000000001,True,,,,,
A2_remove_industry_prior,1,33,11762,0.03942760942760936,0.18464646464646467,True,,,,,
A4_remove_hierarchical_pooling,1,33,11762,0.03942760942760936,0.44999999999999996,True,,,,,
A2_remove_industry_prior,1,34,11763,0.08956228956228958,0.24191919191919192,True,,,,,
A4_remove_hierarchical_pooling,1,34,11763,0.08956228956228958,0.44999999999999996,True,,,,,
A2_remove_industry_prior,1,35,11764,0.11680134680134681,0.25535353535353544,True,,,,,
A4_remove_hierarchical_pooling,1,35,11764,0.11680134680134681,0.44999999999999996,True,,,,,
A2_remove_industry_prior,1,36,11765,0.02878787878787884,0.14090909090909093,True,,,,,
A4_remove_hierarchical_pooling,1,36,11765,0.02878787878787884,0.44999999999999996,True,,,,,
A2_remove_industry_prior,1,37,11766,0.07690235690235693,0.24191919191919192,True,,,,,
A4_remove_hierarchical_pooling,1,37,11766,0.07690235690235693,0.9,True,,,,,
A2_remove_industry_prior,1,38,11767,0.17861952861952865,0.28232323232323236,True,,,,,
A4_remove_hierarchical_pooling,1,38,11767,0.17861952861952865,0.8200000000000001,True,,,,,
A2_remove_industry_prior,1,39,11768,0.07505050505050509,0.2250505050505051,True,,,,,
A4_remove_hierarchical_pooling,1,39,11768,0.07505050505050509,0.44999999999999996,True,,,,,
A2_remove_industry_prior,1,40,11769,0.2216835016835017,0.31262626262626264,True,,,,,
A4_remove_hierarchical_pooling,1,40,11769,0.2216835016835017,0.8200000000000001,True,,,,,
A2_remove_industry_prior,1,41,11770,0.10198653198653199,0.245959595959596,True,,,,,
A4_remove_hierarchical_pooling,1,41,11770,0.10198653198653199,0.8200000000000001,True,,,,,
A2_remove_industry_prior,1,42,11771,0.14565656565656568,0.23585858585858588,True,,,,,
A4_remove_hierarchical_pooling,1,42,11771,0.14565656565656568,0.83,True,,,,,
A2_remove_industry_prior,1,43,11772,0.12323232323232325,0.17454545454545461,True,,,,,
A4_remove_hierarchical_pooling,1,43,11772,0.12323232323232325,0.44999999999999996,True,,,,,
A2_remove_industry_prior,1,44,11773,0.2595959595959596,0.2654545454545455,True,,,,,
A4_remove_hierarchical_pooling,1,44,11773,0.2595959595959596,0.8200000000000001,True,,,,,
A2_remove_industry_prior,1,45,11774,0.22070707070707074,0.3361616161616162,True,,,,,
A4_remove_hierarchical_pooling,1,45,11774,0.22070707070707074,0.8200000000000001,True,,,,,
A2_remove_industry_prior,1,46,11775,0.0792929292929293,0.15101010101010098,True,,,,,
A4_remove_hierarchical_pooling,1,46,11775,0.0792929292929293,0.44999999999999996,True,,,,,
A2_remove_industry_prior,1,47,11776,0.07946127946127945,0.18131313131313134,True,,,,,
A4_remove_hierarchical_pooling,1,47,11776,0.07946127946127945,0.44999999999999996,True,,,,,
A2_remove_industry_prior,1,48,11777,0.16195286195286193,0.3260606060606061,True,,,,,
A4_remove_hierarchical_pooling,1,48,11777,0.16195286195286193,0.8200000000000001,True,,,,,
A2_remove_industry_prior,1,49,11778,0.20892255892255895,0.2823232323232323,True,,,,,
A4_remove_hierarchical_pooling,1,49,11778,0.20892255892255895,0.83,True,,,,,
A2_remove_industry_prior,1,50,11779,0.12154882154882153,0.2553535353535354,True,,,,,
A4_remove_hierarchical_pooling,1,50,11779,0.12154882154882153,0.9,True,,,,,
A2_remove_industry_prior,1,51,11780,0.1720538720538721,0.2823232323232323,True,,,,,
A4_remove_hierarchical_pooling,1,51,11780,0.1720538720538721,0.83,True,,,,,
A2_remove_industry_prior,1,52,11781,0.024377104377104324,0.14424242424242426,True,,,,,
A4_remove_hierarchical_pooling,1,52,11781,0.024377104377104324,0.44999999999999996,True,,,,,
A2_remove_industry_prior,1,53,11782,0.09026936026936022,0.20484848484848492,True,,,,,
A4_remove_hierarchical_pooling,1,53,11782,0.09026936026936022,0.44999999999999996,True,,,,,
A2_remove_industry_prior,1,54,11783,0.03383838383838385,0.21161616161616165,True,,,,,
A4_remove_hierarchical_pooling,1,54,11783,0.03383838383838385,0.44999999999999996,True,,,,,
A2_remove_industry_prior,1,55,11784,0.07222222222222222,0.12474747474747475,True,,,,,
A4_remove_hierarchical_pooling,1,55,11784,0.07222222222222222,0.44999999999999996,True,,,,,
A2_remove_industry_prior,1,56,11785,0.09949494949494955,0.3227272727272727,True,,,,,
A4_remove_hierarchical_pooling,1,56,11785,0.09949494949494955,0.83,True,,,,,
A2_remove_industry_prior,1,57,11786,0.1803030303030303,0.31262626262626264,True,,,,,
A4_remove_hierarchical_pooling,1,57,11786,0.1803030303030303,0.8200000000000001,True,,,,,
A2_remove_industry_prior,1,58,11787,0.1862289562289563,0.2823232323232323,True,,,,,
A4_remove_hierarchical_pooling,1,58,11787,0.1862289562289563,0.9,True,,,,,
A2_remove_industry_prior,1,59,11788,0.31242424242424244,0.31262626262626264,True,,,,,
A4_remove_hierarchical_pooling,1,59,11788,0.31242424242424244,0.8200000000000001,True,,,,,
A2_remove_industry_prior,1,60,11789,0.10791245791245797,0.20151515151515154,True,,,,,
A4_remove_hierarchical_pooling,1,60,11789,0.10791245791245797,0.44999999999999996,True,,,,,
A2_remove_industry_prior,1,61,11790,0.06750841750841753,0.25202020202020203,True,,,,,
A4_remove_hierarchical_pooling,1,61,11790,0.06750841750841753,0.44999999999999996,True,,,,,
A2_remove_industry_prior,1,62,11791,0.13050505050505057,0.21565656565656569,True,,,,,
A4_remove_hierarchical_pooling,1,62,11791,0.13050505050505057,0.83,True,,,,,
A2_remove_industry_prior,1,63,11792,0.01531986531986538,0.21161616161616167,True,,,,,
A4_remove_hierarchical_pooling,1,63,11792,0.01531986531986538,0.44999999999999996,True,,,,,
A2_remove_industry_prior,1,64,11793,0.0725589225589226,0.2621212121212121,True,,,,,
A4_remove_hierarchical_pooling,1,64,11793,0.0725589225589226,0.44999999999999996,True,,,,,
A2_remove_industry_prior,1,65,11794,0.05067340067340066,0.151010101010101,True,,,,,
A4_remove_hierarchical_pooling,1,65,11794,0.05067340067340066,0.44999999999999996,True,,,,,
A2_remove_industry_prior,1,66,11795,0.09612794612794617,0.2318181818181818,True,,,,,
A4_remove_hierarchical_pooling,1,66,11795,0.09612794612794617,0.44999999999999996,True,,,,,
A2_remove_industry_prior,1,67,11796,0.13653198653198656,0.2654545454545455,True,,,,,
A4_remove_hierarchical_pooling,1,67,11796,0.13653198653198656,0.8200000000000001,True,,,,,
A2_remove_industry_prior,1,68,11797,0.10888888888888891,0.24191919191919187,True,,,,,
A4_remove_hierarchical_pooling,1,68,11797,0.10888888888888891,0.8200000000000001,True,,,,,
A2_remove_industry_prior,1,69,11798,0.05787878787878782,0.16444444444444448,True,,,,,
A4_remove_hierarchical_pooling,1,69,11798,0.05787878787878782,0.44999999999999996,True,,,,,
A2_remove_industry_prior,1,70,11799,0.08195286195286197,0.26212121212121214,True,,,,,
A4_remove_hierarchical_pooling,1,70,11799,0.08195286195286197,0.8200000000000001,True,,,,,
A2_remove_industry_prior,1,71,11800,0.04996632996632999,0.18131313131313137,True,,,,,
A4_remove_hierarchical_pooling,1,71,11800,0.04996632996632999,0.44999999999999996,True,,,,,
A2_remove_industry_prior,1,72,11801,0.025420875420875448,0.30252525252525253,True,,,,,
A4_remove_hierarchical_pooling,1,72,11801,0.025420875420875448,0.8200000000000001,True,,,,,
A2_remove_industry_prior,1,73,11802,0.06750841750841748,0.1651515151515152,True,,,,,
A4_remove_hierarchical_pooling,1,73,11802,0.06750841750841748,0.44999999999999996,True,,,,,
A2_remove_industry_prior,1,74,11803,0.13838383838383844,0.26212121212121214,True,,,,,
A4_remove_hierarchical_pooling,1,74,11803,0.13838383838383844,0.83,True,,,,,
A2_remove_industry_prior,1,75,11804,0.01666666666666663,0.23515151515151517,True,,,,,
A4_remove_hierarchical_pooling,1,75,11804,0.01666666666666663,0.44999999999999996,True,,,,,
A2_remove_industry_prior,1,76,11805,0.06787878787878787,0.17454545454545456,True,,,,,
A4_remove_hierarchical_pooling,1,76,11805,0.06787878787878787,0.44999999999999996,True,,,,,
A2_remove_industry_prior,1,77,11806,0.1247474747474748,0.2823232323232323,True,,,,,
A4_remove_hierarchical_pooling,1,77,11806,0.1247474747474748,0.83,True,,,,,
A2_remove_industry_prior,1,78,11807,0.16531986531986534,0.27555555555555555,True,,,,,
A4_remove_hierarchical_pooling,1,78,11807,0.16531986531986534,0.8200000000000001,True,,,,,
A2_remove_industry_prior,1,79,11808,0.13077441077441082,0.2823232323232323,True,,,,,
A4_remove_hierarchical_pooling,1,79,11808,0.13077441077441082,0.9,True,,,,,
A2_remove_industry_prior,1,80,11809,0.16932659932659938,0.3065656565656566,True,,,,,
A4_remove_hierarchical_pooling,1,80,11809,0.16932659932659938,0.8200000000000001,True,,,,,
A2_remove_industry_prior,1,81,11810,0.03232323232323232,0.17454545454545461,True,,,,,
A4_remove_hierarchical_pooling,1,81,11810,0.03232323232323232,0.44999999999999996,True,,,,,
A2_remove_industry_prior,1,82,11811,0.07303030303030304,0.21161616161616165,True,,,,,
A4_remove_hierarchical_pooling,1,82,11811,0.07303030303030304,0.44999999999999996,True,,,,,
A2_remove_industry_prior,1,83,11812,0.08851851851851858,0.20151515151515154,True,,,,,
A4_remove_hierarchical_pooling,1,83,11812,0.08851851851851858,0.44999999999999996,True,,,,,
A2_remove_industry_prior,1,84,11813,0.14750841750841753,0.3025252525252526,True,,,,,
A4_remove_hierarchical_pooling,1,84,11813,0.14750841750841753,0.83,True,,,,,
A2_remove_industry_prior,1,85,11814,0.0760942760942761,0.16111111111111112,True,,,,,
A4_remove_hierarchical_pooling,1,85,11814,0.0760942760942761,0.44999999999999996,True,,,,,
A2_remove_industry_prior,1,86,11815,0.14343434343434347,0.2957575757575758,True,,,,,
A4_remove_hierarchical_pooling,1,86,11815,0.14343434343434347,0.8200000000000001,True,,,,,
A2_remove_industry_prior,1,87,11816,0.07673400673400675,0.23181818181818184,True,,,,,
A4_remove_hierarchical_pooling,1,87,11816,0.07673400673400675,0.44999999999999996,True,,,,,
A2_remove_industry_prior,1,88,11817,0.08178451178451182,0.22575757575757577,True,,,,,
A4_remove_hierarchical_pooling,1,88,11817,0.08178451178451182,0.44999999999999996,True,,,,,
A2_remove_industry_prior,1,89,11818,0.1273063973063973,0.3429292929292929,True,,,,,
A4_remove_hierarchical_pooling,1,89,11818,0.1273063973063973,0.83,True,,,,,
A2_remove_industry_prior,1,90,11819,0.1440740740740741,0.27222222222222225,True,,,,,
A4_remove_hierarchical_pooling,1,90,11819,0.1440740740740741,0.8200000000000001,True,,,,,
A2_remove_industry_prior,1,91,11820,0.16010101010101013,0.33282828282828286,True,,,,,
A4_remove_hierarchical_pooling,1,91,11820,0.16010101010101013,0.83,True,,,,,
A2_remove_industry_prior,1,92,11821,0.12892255892255894,0.18464646464646473,True,,,,,
A4_remove_hierarchical_pooling,1,92,11821,0.12892255892255894,0.44999999999999996,True,,,,,
A2_remove_industry_prior,1,93,11822,0.09020202020202023,0.151010101010101,True,,,,,
A4_remove_hierarchical_pooling,1,93,11822,0.09020202020202023,0.44999999999999996,True,,,,,
A2_remove_industry_prior,1,94,11823,0.10552188552188554,0.24191919191919198,True,,,,,
A4_remove_hierarchical_pooling,1,94,11823,0.10552188552188554,0.44999999999999996,True,,,,,
A2_remove_industry_prior,1,95,11824,0.19457912457912463,0.33616161616161616,True,,,,,
A4_remove_hierarchical_pooling,1,95,11824,0.19457912457912463,0.8200000000000001,True,,,,,
A2_remove_industry_prior,1,96,11825,0.05154882154882155,0.17454545454545461,True,,,,,
A4_remove_hierarchical_pooling,1,96,11825,0.05154882154882155,0.44999999999999996,True,,,,,
A2_remove_industry_prior,1,97,11826,0.20138047138047138,0.33282828282828286,True,,,,,
A4_remove_hierarchical_pooling,1,97,11826,0.20138047138047138,0.83,True,,,,,
A2_remove_industry_prior,1,98,11827,0.156026936026936,0.3429292929292929,True,,,,,
A4_remove_hierarchical_pooling,1,98,11827,0.156026936026936,0.9,True,,,,,
A2_remove_industry_prior,1,99,11828,0.08353535353535355,0.2924242424242425,True,,,,,
A4_remove_hierarchical_pooling,1,99,11828,0.08353535353535355,0.9,True,,,,,
A2_remove_industry_prior,1,100,11829,0.12235690235690243,0.315959595959596,True,,,,,
A4_remove_hierarchical_pooling,1,100,11829,0.12235690235690243,0.9,True,,,,,
A2_remove_industry_prior,1,101,11830,0.07151515151515152,0.19474747474747478,True,,,,,
A4_remove_hierarchical_pooling,1,101,11830,0.07151515151515152,0.44999999999999996,True,,,,,
A2_remove_industry_prior,1,102,11831,0.037205387205387276,0.3328282828282828,True,,,,,
A4_remove_hierarchical_pooling,1,102,11831,0.037205387205387276,0.83,True,,,,,
A2_remove_industry_prior,1,103,11832,0.09195286195286198,0.2553535353535354,True,,,,,
A4_remove_hierarchical_pooling,1,103,11832,0.09195286195286198,0.44999999999999996,True,,,,,
A2_remove_industry_prior,1,104,11833,0.0851515151515152,0.18464646464646467,True,,,,,
A4_remove_hierarchical_pooling,1,104,11833,0.0851515151515152,0.44999999999999996,True,,,,,
A2_remove_industry_prior,1,105,11834,0.07777777777777778,0.26212121212121214,True,,,,,
A4_remove_hierarchical_pooling,1,105,11834,0.07777777777777778,0.44999999999999996,True,,,,,
A2_remove_industry_prior,1,106,11835,0.19225589225589226,0.24525252525252528,True,,,,,
A4_remove_hierarchical_pooling,1,106,11835,0.19225589225589226,0.9,True,,,,,
A2_remove_industry_prior,1,107,11836,0.06501683501683504,0.18535353535353538,True,,,,,
A4_remove_hierarchical_pooling,1,107,11836,0.06501683501683504,0.44999999999999996,True,,,,,
A2_remove_industry_prior,1,108,11837,0.026127946127946194,0.20151515151515154,True,,,,,
A4_remove_hierarchical_pooling,1,108,11837,0.026127946127946194,0.44999999999999996,True,,,,,
A2_remove_industry_prior,1,109,11838,0.1501683501683502,0.33282828282828286,True,,,,,
A4_remove_hierarchical_pooling,1,109,11838,0.1501683501683502,0.83,True,,,,,
A2_remove_industry_prior,1,110,11839,0.08986531986531984,0.14424242424242428,True,,,,,
A4_remove_hierarchical_pooling,1,110,11839,0.08986531986531984,0.44999999999999996,True,,,,,
A2_remove_industry_prior,1,111,11840,0.030942760942760918,0.22171717171717173,True,,,,,
A4_remove_hierarchical_pooling,1,111,11840,0.030942760942760918,0.44999999999999996,True,,,,,
A2_remove_industry_prior,1,112,11841,0.041919191919191856,0.214949494949495,True,,,,,
A4_remove_hierarchical_pooling,1,112,11841,0.041919191919191856,0.44999999999999996,True,,,,,
A2_remove_industry_prior,1,113,11842,0.1492929292929293,0.30252525252525253,True,,,,,
A4_remove_hierarchical_pooling,1,113,11842,0.1492929292929293,0.44999999999999996,True,,,,,
A2_remove_industry_prior,1,114,11843,0.1552188552188552,0.27555555555555555,True,,,,,
A4_remove_hierarchical_pooling,1,114,11843,0.1552188552188552,0.8200000000000001,True,,,,,
A2_remove_industry_prior,1,115,11844,0.054040404040404055,0.1611111111111111,True,,,,,
A4_remove_hierarchical_pooling,1,115,11844,0.054040404040404055,0.44999999999999996,True,,,,,
A2_remove_industry_prior,1,116,11845,0.0482828282828283,0.14424242424242426,True,,,,,
A4_remove_hierarchical_pooling,1,116,11845,0.0482828282828283,0.44999999999999996,True,,,,,
A2_remove_industry_prior,1,117,11846,0.04962962962962957,0.16111111111111112,True,,,,,
A4_remove_hierarchical_pooling,1,117,11846,0.04962962962962957,0.44999999999999996,True,,,,,
A2_remove_industry_prior,1,118,11847,0.2124579124579125,0.342929292929293,True,,,,,
A4_remove_hierarchical_pooling,1,118,11847,0.2124579124579125,0.9,True,,,,,
A2_remove_industry_prior,1,119,11848,0.054848484848484855,0.25202020202020203,True,,,,,
A4_remove_hierarchical_pooling,1,119,11848,0.054848484848484855,0.44999999999999996,True,,,,,
A2_remove_industry_prior,1,120,11849,0.11481481481481481,0.3025252525252526,True,,,,,
A4_remove_hierarchical_pooling,1,120,11849,0.11481481481481481,0.8200000000000001,True,,,,,
A2_remove_industry_prior,1,121,11850,0.03471380471380471,0.24525252525252528,True,,,,,
A4_remove_hierarchical_pooling,1,121,11850,0.03471380471380471,0.44999999999999996,True,,,,,
A2_remove_industry_prior,1,122,11851,0.10791245791245788,0.26212121212121214,True,,,,,
A4_remove_hierarchical_pooling,1,122,11851,0.10791245791245788,0.83,True,,,,,
A2_remove_industry_prior,1,123,11852,0.06787878787878783,0.24191919191919195,True,,,,,
A4_remove_hierarchical_pooling,1,123,11852,0.06787878787878783,0.44999999999999996,True,,,,,
A2_remove_industry_prior,1,124,11853,0.1887205387205387,0.23181818181818184,True,,,,,
A4_remove_hierarchical_pooling,1,124,11853,0.1887205387205387,0.44999999999999996,True,,,,,
A2_remove_industry_prior,1,125,11854,0.03303030303030302,0.19141414141414143,True,,,,,
A4_remove_hierarchical_pooling,1,125,11854,0.03303030303030302,0.44999999999999996,True,,,,,
A2_remove_industry_prior,1,126,11855,0.17037037037037034,0.2722222222222222,True,,,,,
A4_remove_hierarchical_pooling,1,126,11855,0.17037037037037034,0.83,True,,,,,
A2_remove_industry_prior,1,127,11856,0.09683501683501683,0.27222222222222225,True,,,,,
A4_remove_hierarchical_pooling,1,127,11856,0.09683501683501683,0.83,True,,,,,
A2_remove_industry_prior,1,128,11857,0.20740740740740748,0.2217171717171717,True,,,,,
A4_remove_hierarchical_pooling,1,128,11857,0.20740740740740748,0.83,True,,,,,
A2_remove_industry_prior,1,129,11858,0.14680134680134685,0.3126262626262627,True,,,,,
A4_remove_hierarchical_pooling,1,129,11858,0.14680134680134685,0.83,True,,,,,
A2_remove_industry_prior,1,130,11859,0.05323232323232325,0.19141414141414143,True,,,,,
A4_remove_hierarchical_pooling,1,130,11859,0.05323232323232325,0.44999999999999996,True,,,,,
A2_remove_industry_prior,1,131,11860,0.17542087542087548,0.3025252525252526,True,,,,,
A4_remove_hierarchical_pooling,1,131,11860,0.17542087542087548,0.83,True,,,,,
A2_remove_industry_prior,1,132,11861,0.05989898989898995,0.21161616161616167,True,,,,,
A4_remove_hierarchical_pooling,1,132,11861,0.05989898989898995,0.44999999999999996,True,,,,,
A2_remove_industry_prior,1,133,11862,0.15353535353535358,0.26212121212121214,True,,,,,
A4_remove_hierarchical_pooling,1,133,11862,0.15353535353535358,0.9,True,,,,,
A2_remove_industry_prior,1,134,11863,0.2021885521885522,0.3025252525252526,True,,,,,
A4_remove_hierarchical_pooling,1,134,11863,0.2021885521885522,0.8200000000000001,True,,,,,
A2_remove_industry_prior,1,135,11864,0.18616161616161625,0.2896969696969698,True,,,,,
A4_remove_hierarchical_pooling,1,135,11864,0.18616161616161625,0.8200000000000001,True,,,,,
A2_remove_industry_prior,1,136,11865,0.08939393939393943,0.22171717171717173,True,,,,,
A4_remove_hierarchical_pooling,1,136,11865,0.08939393939393943,0.44999999999999996,True,,,,,
A2_remove_industry_prior,1,137,11866,0.02781144781144789,0.20151515151515154,True,,,,,
A4_remove_hierarchical_pooling,1,137,11866,0.02781144781144789,0.44999999999999996,True,,,,,
A2_remove_industry_prior,1,138,11867,0.048989898989899,0.25202020202020203,True,,,,,
A4_remove_hierarchical_pooling,1,138,11867,0.048989898989899,0.83,True,,,,,
A2_remove_industry_prior,1,139,11868,0.10164983164983166,0.2048484848484849,True,,,,,
A4_remove_hierarchical_pooling,1,139,11868,0.10164983164983166,0.44999999999999996,True,,,,,
A2_remove_industry_prior,1,140,11869,0.20387205387205384,0.2722222222222222,True,,,,,
A4_remove_hierarchical_pooling,1,140,11869,0.20387205387205384,0.83,True,,,,,
A2_remove_industry_prior,1,141,11870,0.27811447811447815,0.2823232323232323,True,,,,,
A4_remove_hierarchical_pooling,1,141,11870,0.27811447811447815,0.8200000000000001,True,,,,,
A2_remove_industry_prior,1,142,11871,0.07841750841750852,0.214949494949495,True,,,,,
A4_remove_hierarchical_pooling,1,142,11871,0.07841750841750852,0.44999999999999996,True,,,,,
A2_remove_industry_prior,1,143,11872,0.09710437710437715,0.21565656565656569,True,,,,,
A4_remove_hierarchical_pooling,1,143,11872,0.09710437710437715,0.44999999999999996,True,,,,,
A2_remove_industry_prior,1,144,11873,0.18872053872053873,0.3025252525252526,True,,,,,
A4_remove_hierarchical_pooling,1,144,11873,0.18872053872053873,0.83,True,,,,,
A2_remove_industry_prior,1,145,11874,0.10215488215488214,0.22171717171717173,True,,,,,
A4_remove_hierarchical_pooling,1,145,11874,0.10215488215488214,0.44999999999999996,True,,,,,
A2_remove_industry_prior,1,146,11875,0.12057239057239061,0.24191919191919192,True,,,,,
A4_remove_hierarchical_pooling,1,146,11875,0.12057239057239061,0.83,True,,,,,
A2_remove_industry_prior,1,147,11876,0.07175084175084179,0.15101010101010104,True,,,,,
A4_remove_hierarchical_pooling,1,147,11876,0.07175084175084179,0.44999999999999996,True,,,,,
A2_remove_industry_prior,1,148,11877,0.09346801346801352,0.36313131313131314,True,,,,,
A4_remove_hierarchical_pooling,1,148,11877,0.09346801346801352,0.83,True,,,,,
A2_remove_industry_prior,1,149,11878,0.10020202020202022,0.3126262626262627,True,,,,,
A4_remove_hierarchical_pooling,1,149,11878,0.10020202020202022,0.83,True,,,,,
A2_remove_industry_prior,1,150,11879,0.03720538720538727,0.2621212121212121,True,,,,,
A4_remove_hierarchical_pooling,1,150,11879,0.03720538720538727,0.44999999999999996,True,,,,,
A2_remove_industry_prior,1,151,11880,0.06750841750841755,0.18131313131313131,True,,,,,
A4_remove_hierarchical_pooling,1,151,11880,0.06750841750841755,0.44999999999999996,True,,,,,
A2_remove_industry_prior,1,152,11881,0.1685185185185186,0.2318181818181818,True,,,,,
A4_remove_hierarchical_pooling,1,152,11881,0.1685185185185186,0.83,True,,,,,
A2_remove_industry_prior,1,153,11882,0.23602693602693603,0.3025252525252526,True,,,,,
A4_remove_hierarchical_pooling,1,153,11882,0.23602693602693603,0.8200000000000001,True,,,,,
A2_remove_industry_prior,1,154,11883,0.06919191919191922,0.22171717171717173,True,,,,,
A4_remove_hierarchical_pooling,1,154,11883,0.06919191919191922,0.44999999999999996,True,,,,,
A2_remove_industry_prior,1,155,11884,0.08602693602693601,0.2419191919191919,True,,,,,
A4_remove_hierarchical_pooling,1,155,11884,0.08602693602693601,0.8200000000000001,True,,,,,
A2_remove_industry_prior,1,156,11885,0.07629629629629625,0.21494949494949497,True,,,,,
A4_remove_hierarchical_pooling,1,156,11885,0.07629629629629625,0.44999999999999996,True,,,,,
A2_remove_industry_prior,1,157,11886,0.1321885521885522,0.12070707070707071,False,,,,,
A4_remove_hierarchical_pooling,1,157,11886,0.1321885521885522,0.44999999999999996,True,,,,,
A2_remove_industry_prior,1,158,11887,0.07087542087542092,0.12404040404040405,True,,,,,
A4_remove_hierarchical_pooling,1,158,11887,0.07087542087542092,0.44999999999999996,True,,,,,
A2_remove_industry_prior,1,159,11888,0.08282828282828286,0.22505050505050506,True,,,,,
A4_remove_hierarchical_pooling,1,159,11888,0.08282828282828286,0.9,True,,,,,
A2_remove_industry_prior,1,160,11889,0.07087542087542083,0.2661616161616162,True,,,,,
A4_remove_hierarchical_pooling,1,160,11889,0.07087542087542083,0.8200000000000001,True,,,,,
A2_remove_industry_prior,1,161,11890,0.1617845117845118,0.2661616161616162,True,,,,,
A4_remove_hierarchical_pooling,1,161,11890,0.1617845117845118,0.83,True,,,,,
A2_remove_industry_prior,1,162,11891,0.07104377104377102,0.22171717171717173,True,,,,,
A4_remove_hierarchical_pooling,1,162,11891,0.07104377104377102,0.44999999999999996,True,,,,,
A2_remove_industry_prior,1,163,11892,0.21565656565656569,0.3025252525252526,True,,,,,
A4_remove_hierarchical_pooling,1,163,11892,0.21565656565656569,0.83,True,,,,,
A2_remove_industry_prior,1,164,11893,0.1398989898989899,0.24525252525252533,True,,,,,
A4_remove_hierarchical_pooling,1,164,11893,0.1398989898989899,0.44999999999999996,True,,,,,
A2_remove_industry_prior,1,165,11894,0.09313131313131309,0.20151515151515154,True,,,,,
A4_remove_hierarchical_pooling,1,165,11894,0.09313131313131309,0.44999999999999996,True,,,,,
A2_remove_industry_prior,1,166,11895,0.1011784511784512,0.2823232323232323,True,,,,,
A4_remove_hierarchical_pooling,1,166,11895,0.1011784511784512,0.8200000000000001,True,,,,,
A2_remove_industry_prior,1,167,11896,0.14158249158249164,0.2957575757575758,True,,,,,
A4_remove_hierarchical_pooling,1,167,11896,0.14158249158249164,0.8200000000000001,True,,,,,
A2_remove_industry_prior,1,168,11897,0.05202020202020196,0.2318181818181818,True,,,,,
A4_remove_hierarchical_pooling,1,168,11897,0.05202020202020196,0.44999999999999996,True,,,,,
A2_remove_industry_prior,1,169,11898,0.1872053872053872,0.2823232323232323,True,,,,,
A4_remove_hierarchical_pooling,1,169,11898,0.1872053872053872,0.8200000000000001,True,,,,,
A2_remove_industry_prior,1,170,11899,0.19730639730639732,0.25202020202020203,True,,,,,
A4_remove_hierarchical_pooling,1,170,11899,0.19730639730639732,0.83,True,,,,,
A2_remove_industry_prior,1,171,11900,0.015690235690235664,0.214949494949495,True,,,,,
A4_remove_hierarchical_pooling,1,171,11900,0.015690235690235664,0.44999999999999996,True,,,,,
A2_remove_industry_prior,1,172,11901,0.07343434343434344,0.18131313131313131,True,,,,,
A4_remove_hierarchical_pooling,1,172,11901,0.07343434343434344,0.44999999999999996,True,,,,,
A2_remove_industry_prior,1,173,11902,0.12377104377104378,0.26545454545454544,True,,,,,
A4_remove_hierarchical_pooling,1,173,11902,0.12377104377104378,0.44999999999999996,True,,,,,
A2_remove_industry_prior,1,174,11903,0.039764309764309766,0.21898989898989907,True,,,,,
A4_remove_hierarchical_pooling,1,174,11903,0.039764309764309766,0.44999999999999996,True,,,,,
A2_remove_industry_prior,1,175,11904,0.10303030303030308,0.14090909090909093,True,,,,,
A4_remove_hierarchical_pooling,1,175,11904,0.10303030303030308,0.44999999999999996,True,,,,,
A2_remove_industry_prior,1,176,11905,0.13838383838383836,0.18464646464646467,True,,,,,
A4_remove_hierarchical_pooling,1,176,11905,0.13838383838383836,0.44999999999999996,True,,,,,
A2_remove_industry_prior,1,177,11906,0.09629629629629634,0.1914141414141414,True,,,,,
A4_remove_hierarchical_pooling,1,177,11906,0.09629629629629634,0.44999999999999996,True,,,,,
A2_remove_industry_prior,1,178,11907,0.09037037037037043,0.14090909090909087,True,,,,,
A4_remove_hierarchical_pooling,1,178,11907,0.09037037037037043,0.44999999999999996,True,,,,,
A2_remove_industry_prior,1,179,11908,0.0321548821548822,0.1947474747474748,True,,,,,
A4_remove_hierarchical_pooling,1,179,11908,0.0321548821548822,0.44999999999999996,True,,,,,
A2_remove_industry_prior,1,180,11909,0.05306397306397302,0.20555555555555555,True,,,,,
A4_remove_hierarchical_pooling,1,180,11909,0.05306397306397302,0.44999999999999996,True,,,,,
A2_remove_industry_prior,1,181,11910,0.12572390572390574,0.3361616161616162,True,,,,,
A4_remove_hierarchical_pooling,1,181,11910,0.12572390572390574,0.44999999999999996,True,,,,,
A2_remove_industry_prior,1,182,11911,0.07760942760942757,0.18464646464646467,True,,,,,
A4_remove_hierarchical_pooling,1,182,11911,0.07760942760942757,0.44999999999999996,True,,,,,
A2_remove_industry_prior,1,183,11912,0.016296296296296302,0.26212121212121214,True,,,,,
A4_remove_hierarchical_pooling,1,183,11912,0.016296296296296302,0.44999999999999996,True,,,,,
A2_remove_industry_prior,1,184,11913,0.07424242424242425,0.2217171717171717,True,,,,,
A4_remove_hierarchical_pooling,1,184,11913,0.07424242424242425,0.44999999999999996,True,,,,,
A2_remove_industry_prior,1,185,11914,0.11393939393939392,0.16111111111111107,True,,,,,
A4_remove_hierarchical_pooling,1,185,11914,0.11393939393939392,0.44999999999999996,True,,,,,
A2_remove_industry_prior,1,186,11915,0.21228956228956225,0.22505050505050508,True,,,,,
A4_remove_hierarchical_pooling,1,186,11915,0.21228956228956225,0.8200000000000001,True,,,,,
A2_remove_industry_prior,1,187,11916,0.11481481481481484,0.30252525252525253,True,,,,,
A4_remove_hierarchical_pooling,1,187,11916,0.11481481481481484,0.44999999999999996,True,,,,,
A2_remove_industry_prior,1,188,11917,0.15000000000000005,0.2823232323232323,True,,,,,
A4_remove_hierarchical_pooling,1,188,11917,0.15000000000000005,0.83,True,,,,,
A2_remove_industry_prior,1,189,11918,0.08016835016835021,0.18131313131313134,True,,,,,
A4_remove_hierarchical_pooling,1,189,11918,0.08016835016835021,0.44999999999999996,True,,,,,
A2_remove_industry_prior,1,190,11919,0.049966329966329985,0.1543434343434344,True,,,,,
A4_remove_hierarchical_pooling,1,190,11919,0.049966329966329985,0.44999999999999996,True,,,,,
A2_remove_industry_prior,1,191,11920,0.1804713804713805,0.24191919191919192,True,,,,,
A4_remove_hierarchical_pooling,1,191,11920,0.1804713804713805,0.9,True,,,,,
A2_remove_industry_prior,1,192,11921,0.1458249158249158,0.3429292929292929,True,,,,,
A4_remove_hierarchical_pooling,1,192,11921,0.1458249158249158,0.83,True,,,,,
A2_remove_industry_prior,1,193,11922,0.17373737373737375,0.2924242424242424,True,,,,,
A4_remove_hierarchical_pooling,1,193,11922,0.17373737373737375,0.9,True,,,,,
A2_remove_industry_prior,1,194,11923,0.1569023569023569,0.19141414141414143,True,,,,,
A4_remove_hierarchical_pooling,1,194,11923,0.1569023569023569,0.44999999999999996,True,,,,,
A2_remove_industry_prior,1,195,11924,0.0994949494949495,0.25202020202020203,True,,,,,
A4_remove_hierarchical_pooling,1,195,11924,0.0994949494949495,0.44999999999999996,True,,,,,
A2_remove_industry_prior,1,196,11925,0.09700336700336704,0.2318181818181818,True,,,,,
A4_remove_hierarchical_pooling,1,196,11925,0.09700336700336704,0.44999999999999996,True,,,,,
A2_remove_industry_prior,1,197,11926,0.10286195286195292,0.1543434343434344,True,,,,,
A4_remove_hierarchical_pooling,1,197,11926,0.10286195286195292,0.44999999999999996,True,,,,,
A2_remove_industry_prior,1,198,11927,0.0379124579124579,0.23515151515151517,True,,,,,
A4_remove_hierarchical_pooling,1,198,11927,0.0379124579124579,0.44999999999999996,True,,,,,
A2_remove_industry_prior,1,199,11928,0.17205387205387207,0.2823232323232323,True,,,,,
A4_remove_hierarchical_pooling,1,199,11928,0.17205387205387207,0.9,True,,,,,
A2_remove_industry_prior,3,0,31729,0.05433048433048437,0.18153846153846154,True,,,,,
A4_remove_hierarchical_pooling,3,0,31729,0.05433048433048437,0.26999999999999996,True,,,,,
A2_remove_industry_prior,3,1,31730,0.1414529914529915,0.22948717948717956,True,,,,,
A4_remove_hierarchical_pooling,3,1,31730,0.1414529914529915,0.31666666666666665,True,,,,,
A2_remove_industry_prior,3,2,31731,0.12883190883190884,0.1867521367521368,True,,,,,
A4_remove_hierarchical_pooling,3,2,31731,0.12883190883190884,0.35,True,,,,,
A2_remove_industry_prior,3,3,31732,0.09196581196581188,0.1867521367521368,True,,,,,
A4_remove_hierarchical_pooling,3,3,31732,0.09196581196581188,0.2799999999999999,True,,,,,
A2_remove_industry_prior,3,4,31733,0.20150997150997152,0.3491452991452991,True,,,,,
A4_remove_hierarchical_pooling,3,4,31733,0.20150997150997152,0.73,True,,,,,
A2_remove_industry_prior,3,5,31734,0.096011396011396,0.05854700854700853,False,,,,,
A4_remove_hierarchical_pooling,3,5,31734,0.096011396011396,0.44999999999999996,True,,,,,
A2_remove_industry_prior,3,6,31735,0.1133903133903134,0.23803418803418808,True,,,,,
A4_remove_hierarchical_pooling,3,6,31735,0.1133903133903134,0.39666666666666667,True,,,,,
A2_remove_industry_prior,3,7,31736,0.2100284900284901,0.19863247863247868,False,,,,,
A4_remove_hierarchical_pooling,3,7,31736,0.2100284900284901,0.26999999999999996,True,,,,,
A2_remove_industry_prior,3,8,31737,0.1542735042735043,0.23803418803418808,True,,,,,
A4_remove_hierarchical_pooling,3,8,31737,0.1542735042735043,0.31666666666666665,True,,,,,
A2_remove_industry_prior,3,9,31738,0.1174643874643875,0.19008547008547014,True,,,,,
A4_remove_hierarchical_pooling,3,9,31738,0.1174643874643875,0.35,True,,,,,
A2_remove_industry_prior,3,10,31739,0.10891737891737893,0.2055555555555556,True,,,,,
A4_remove_hierarchical_pooling,3,10,31739,0.10891737891737893,0.2799999999999999,True,,,,,
A2_remove_industry_prior,3,11,31740,0.16974358974358972,0.23803418803418802,True,,,,,
A4_remove_hierarchical_pooling,3,11,31740,0.16974358974358972,0.49666666666666665,True,,,,,
A2_remove_industry_prior,3,12,31741,0.16467236467236468,0.23803418803418808,True,,,,,
A4_remove_hierarchical_pooling,3,12,31741,0.16467236467236468,0.31666666666666665,True,,,,,
A2_remove_industry_prior,3,13,31742,0.07777777777777782,0.2055555555555556,True,,,,,
A4_remove_hierarchical_pooling,3,13,31742,0.07777777777777782,0.26999999999999996,True,,,,,
A2_remove_industry_prior,3,14,31743,0.06433048433048433,0.1183760683760684,True,,,,,
A4_remove_hierarchical_pooling,3,14,31743,0.06433048433048433,0.2799999999999999,True,,,,,
A2_remove_industry_prior,3,15,31744,0.04723646723646723,0.1354700854700855,True,,,,,
A4_remove_hierarchical_pooling,3,15,31744,0.04723646723646723,0.2799999999999999,True,,,,,
A2_remove_industry_prior,3,16,31745,0.19886039886039886,0.2893162393162393,True,,,,,
A4_remove_hierarchical_pooling,3,16,31745,0.19886039886039886,0.5666666666666667,True,,,,,
A2_remove_industry_prior,3,17,31746,0.2582621082621083,0.3235042735042736,True,,,,,
A4_remove_hierarchical_pooling,3,17,31746,0.2582621082621083,0.65,True,,,,,
A2_remove_industry_prior,3,18,31747,0.14125356125356126,0.220940170940171,True,,,,,
A4_remove_hierarchical_pooling,3,18,31747,0.14125356125356126,0.49666666666666665,True,,,,,
A2_remove_industry_prior,3,19,31748,0.1357549857549858,0.17991452991452997,True,,,,,
A4_remove_hierarchical_pooling,3,19,31748,0.1357549857549858,0.2799999999999999,True,,,,,
A2_remove_industry_prior,3,20,31749,0.0563247863247863,0.1354700854700855,True,,,,,
A4_remove_hierarchical_pooling,3,20,31749,0.0563247863247863,0.2799999999999999,True,,,,,
A2_remove_industry_prior,3,21,31750,0.10441595441595447,0.1525641025641026,True,,,,,
A4_remove_hierarchical_pooling,3,21,31750,0.10441595441595447,0.2799999999999999,True,,,,,
A2_remove_industry_prior,3,22,31751,0.15185185185185185,0.31495726495726495,True,,,,,
A4_remove_hierarchical_pooling,3,22,31751,0.15185185185185185,0.31666666666666665,True,,,,,
A2_remove_industry_prior,3,23,31752,0.13475783475783476,0.28931623931623934,True,,,,,
A4_remove_hierarchical_pooling,3,23,31752,0.13475783475783476,0.31666666666666665,True,,,,,
A2_remove_industry_prior,3,24,31753,0.20555555555555557,0.15256410256410255,False,,,,,
A4_remove_hierarchical_pooling,3,24,31753,0.20555555555555557,0.31666666666666665,True,,,,,
A2_remove_industry_prior,3,25,31754,0.07307692307692307,0.23803418803418802,True,,,,,
A4_remove_hierarchical_pooling,3,25,31754,0.07307692307692307,0.31666666666666665,True,,,,,
A2_remove_industry_prior,3,26,31755,0.09059829059829064,0.25512820512820517,True,,,,,
A4_remove_hierarchical_pooling,3,26,31755,0.09059829059829064,0.39666666666666667,True,,,,,
A2_remove_industry_prior,3,27,31756,0.1530484330484331,0.26367521367521374,True,,,,,
A4_remove_hierarchical_pooling,3,27,31756,0.1530484330484331,0.3866666666666667,True,,,,,
A2_remove_industry_prior,3,28,31757,0.07572649572649576,0.2807692307692308,True,,,,,
A4_remove_hierarchical_pooling,3,28,31757,0.07572649572649576,0.31666666666666665,True,,,,,
A2_remove_industry_prior,3,29,31758,0.08284900284900282,0.1884615384615385,True,,,,,
A4_remove_hierarchical_pooling,3,29,31758,0.08284900284900282,0.2799999999999999,True,,,,,
A2_remove_industry_prior,3,30,31759,0.06324786324786319,0.1302564102564103,True,,,,,
A4_remove_hierarchical_pooling,3,30,31759,0.06324786324786319,0.44999999999999996,True,,,,,
A2_remove_industry_prior,3,31,31760,0.19601139601139606,0.27222222222222225,True,,,,,
A4_remove_hierarchical_pooling,3,31,31760,0.19601139601139606,0.49666666666666665,True,,,,,
A2_remove_industry_prior,3,32,31761,0.14877492877492882,0.29264957264957264,True,,,,,
A4_remove_hierarchical_pooling,3,32,31761,0.14877492877492882,0.3866666666666667,True,,,,,
A2_remove_industry_prior,3,33,31762,0.03475783475783477,0.19529914529914533,True,,,,,
A4_remove_hierarchical_pooling,3,33,31762,0.03475783475783477,0.44999999999999996,True,,,,,
A2_remove_industry_prior,3,34,31763,0.15000000000000002,0.18846153846153846,True,,,,,
A4_remove_hierarchical_pooling,3,34,31763,0.15000000000000002,0.31666666666666665,True,,,,,
A2_remove_industry_prior,3,35,31764,0.14022792022792027,0.19179487179487187,True,,,,,
A4_remove_hierarchical_pooling,3,35,31764,0.14022792022792027,0.26999999999999996,True,,,,,
A2_remove_industry_prior,3,36,31765,0.04723646723646725,0.14401709401709403,True,,,,,
A4_remove_hierarchical_pooling,3,36,31765,0.04723646723646725,0.2799999999999999,True,,,,,
A2_remove_industry_prior,3,37,31766,0.12883190883190887,0.3268376068376069,True,,,,,
A4_remove_hierarchical_pooling,3,37,31766,0.12883190883190887,0.3866666666666667,True,,,,,
A2_remove_industry_prior,3,38,31767,0.05213675213675217,0.17820512820512824,True,,,,,
A4_remove_hierarchical_pooling,3,38,31767,0.05213675213675217,0.26999999999999996,True,,,,,
A2_remove_industry_prior,3,39,31768,0.10749287749287745,0.25846153846153846,True,,,,,
A4_remove_hierarchical_pooling,3,39,31768,0.10749287749287745,0.35,True,,,,,
A2_remove_industry_prior,3,40,31769,0.18299145299145303,0.23803418803418808,True,,,,,
A4_remove_hierarchical_pooling,3,40,31769,0.18299145299145303,0.39666666666666667,True,,,,,
A2_remove_industry_prior,3,41,31770,0.17829059829059835,0.16965811965811967,False,,,,,
A4_remove_hierarchical_pooling,3,41,31770,0.17829059829059835,0.2799999999999999,True,,,,,
A2_remove_industry_prior,3,42,31771,0.06880341880341882,0.24136752136752143,True,,,,,
A4_remove_hierarchical_pooling,3,42,31771,0.06880341880341882,0.35,True,,,,,
A2_remove_industry_prior,3,43,31772,0.18034188034188037,0.3320512820512821,True,,,,,
A4_remove_hierarchical_pooling,3,43,31772,0.18034188034188037,0.55,True,,,,,
A2_remove_industry_prior,3,44,31773,0.0813960113960114,0.220940170940171,True,,,,,
A4_remove_hierarchical_pooling,3,44,31773,0.0813960113960114,0.26999999999999996,True,,,,,
A2_remove_industry_prior,3,45,31774,0.12435897435897439,0.21239316239316236,True,,,,,
A4_remove_hierarchical_pooling,3,45,31774,0.12435897435897439,0.31666666666666665,True,,,,,
A2_remove_industry_prior,3,46,31775,0.0504273504273504,0.14735042735042742,True,,,,,
A4_remove_hierarchical_pooling,3,46,31775,0.0504273504273504,0.44999999999999996,True,,,,,
A2_remove_industry_prior,3,47,31776,0.09159544159544161,0.2226495726495727,True,,,,,
A4_remove_hierarchical_pooling,3,47,31776,0.09159544159544161,0.31666666666666665,True,,,,,
A2_remove_industry_prior,3,48,31777,0.23139601139601143,0.3320512820512821,True,,,,,
A4_remove_hierarchical_pooling,3,48,31777,0.23139601139601143,0.72,True,,,,,
A2_remove_industry_prior,3,49,31778,0.10048433048433046,0.25162393162393165,True,,,,,
A4_remove_hierarchical_pooling,3,49,31778,0.10048433048433046,0.26999999999999996,True,,,,,
A2_remove_industry_prior,3,50,31779,0.013447293447293444,0.18846153846153849,True,,,,,
A4_remove_hierarchical_pooling,3,50,31779,0.013447293447293444,0.2799999999999999,True,,,,,
A2_remove_industry_prior,3,51,31780,0.12193732193732194,0.22264957264957266,True,,,,,
A4_remove_hierarchical_pooling,3,51,31780,0.12193732193732194,0.2799999999999999,True,,,,,
A2_remove_industry_prior,3,52,31781,0.2171794871794872,0.3405982905982906,True,,,,,
A4_remove_hierarchical_pooling,3,52,31781,0.2171794871794872,0.73,True,,,,,
A2_remove_industry_prior,3,53,31782,0.15754985754985756,0.27222222222222225,True,,,,,
A4_remove_hierarchical_pooling,3,53,31782,0.15754985754985756,0.55,True,,,,,
A2_remove_industry_prior,3,54,31783,0.019173789173789202,0.11316239316239322,True,,,,,
A4_remove_hierarchical_pooling,3,54,31783,0.019173789173789202,0.44999999999999996,True,,,,,
A2_remove_industry_prior,3,55,31784,0.09159544159544163,0.27222222222222225,True,,,,,
A4_remove_hierarchical_pooling,3,55,31784,0.09159544159544163,0.39666666666666667,True,,,,,
A2_remove_industry_prior,3,56,31785,0.12170940170940177,0.2841025641025642,True,,,,,
A4_remove_hierarchical_pooling,3,56,31785,0.12170940170940177,0.3866666666666667,True,,,,,
A2_remove_industry_prior,3,57,31786,0.1398290598290599,0.28076923076923077,True,,,,,
A4_remove_hierarchical_pooling,3,57,31786,0.1398290598290599,0.49666666666666665,True,,,,,
A2_remove_industry_prior,3,58,31787,0.1587464387464388,0.35247863247863254,True,,,,,
A4_remove_hierarchical_pooling,3,58,31787,0.1587464387464388,0.5666666666666667,True,,,,,
A2_remove_industry_prior,3,59,31788,0.05940170940170935,0.14905982905982906,True,,,,,
A4_remove_hierarchical_pooling,3,59,31788,0.05940170940170935,0.26999999999999996,True,,,,,
A2_remove_industry_prior,3,60,31789,0.23404558404558407,0.30811965811965814,True,,,,,
A4_remove_hierarchical_pooling,3,60,31789,0.23404558404558407,0.65,True,,,,,
A2_remove_industry_prior,3,61,31790,0.11054131054131053,0.23974358974358978,True,,,,,
A4_remove_hierarchical_pooling,3,61,31790,0.11054131054131053,0.31666666666666665,True,,,,,
A2_remove_industry_prior,3,62,31791,0.13740740740740742,0.23803418803418808,True,,,,,
A4_remove_hierarchical_pooling,3,62,31791,0.13740740740740742,0.39666666666666667,True,,,,,
A2_remove_industry_prior,3,63,31792,0.10279202279202279,0.22948717948717948,True,,,,,
A4_remove_hierarchical_pooling,3,63,31792,0.10279202279202279,0.2799999999999999,True,,,,,
A2_remove_industry_prior,3,64,31793,0.05185185185185184,0.1696581196581196,True,,,,,
A4_remove_hierarchical_pooling,3,64,31793,0.05185185185185184,0.26999999999999996,True,,,,,
A2_remove_industry_prior,3,65,31794,0.17398860398860402,0.27555555555555555,True,,,,,
A4_remove_hierarchical_pooling,3,65,31794,0.17398860398860402,0.4866666666666667,True,,,,,
A2_remove_industry_prior,3,66,31795,0.10740740740740742,0.07897435897435902,False,,,,,
A4_remove_hierarchical_pooling,3,66,31795,0.10740740740740742,0.44999999999999996,True,,,,,
A2_remove_industry_prior,3,67,31796,0.168945868945869,0.20888888888888896,True,,,,,
A4_remove_hierarchical_pooling,3,67,31796,0.168945868945869,0.26999999999999996,True,,,,,
A2_remove_industry_prior,3,68,31797,0.2202279202279202,0.3405982905982906,True,,,,,
A4_remove_hierarchical_pooling,3,68,31797,0.2202279202279202,0.55,True,,,,,
A2_remove_industry_prior,3,69,31798,0.07735042735042734,0.20717948717948717,True,,,,,
A4_remove_hierarchical_pooling,3,69,31798,0.07735042735042734,0.35,True,,,,,
A2_remove_industry_prior,3,70,31799,0.08566951566951568,0.2242735042735043,True,,,,,
A4_remove_hierarchical_pooling,3,70,31799,0.08566951566951568,0.26999999999999996,True,,,,,
A2_remove_industry_prior,3,71,31800,0.15897435897435902,0.28076923076923077,True,,,,,
A4_remove_hierarchical_pooling,3,71,31800,0.15897435897435902,0.31666666666666665,True,,,,,
A2_remove_industry_prior,3,72,31801,0.051908831908831894,0.17470085470085472,True,,,,,
A4_remove_hierarchical_pooling,3,72,31801,0.051908831908831894,0.26999999999999996,True,,,,,
A2_remove_industry_prior,3,73,31802,0.1713675213675214,0.23974358974358975,True,,,,,
A4_remove_hierarchical_pooling,3,73,31802,0.1713675213675214,0.31666666666666665,True,,,,,
A2_remove_industry_prior,3,74,31803,0.07179487179487176,0.17299145299145302,True,,,,,
A4_remove_hierarchical_pooling,3,74,31803,0.07179487179487176,0.44999999999999996,True,,,,,
A2_remove_industry_prior,3,75,31804,0.07854700854700858,0.2465811965811966,True,,,,,
A4_remove_hierarchical_pooling,3,75,31804,0.07854700854700858,0.31666666666666665,True,,,,,
A2_remove_industry_prior,3,76,31805,0.13304843304843306,0.14401709401709406,True,,,,,
A4_remove_hierarchical_pooling,3,76,31805,0.13304843304843306,0.44999999999999996,True,,,,,
A2_remove_industry_prior,3,77,31806,0.06999999999999998,0.11316239316239318,True,,,,,
A4_remove_hierarchical_pooling,3,77,31806,0.06999999999999998,0.44999999999999996,True,,,,,
A2_remove_industry_prior,3,78,31807,0.08062678062678064,0.19529914529914533,True,,,,,
A4_remove_hierarchical_pooling,3,78,31807,0.08062678062678064,0.2799999999999999,True,,,,,
A2_remove_industry_prior,3,79,31808,0.07165242165242165,0.2328205128205129,True,,,,,
A4_remove_hierarchical_pooling,3,79,31808,0.07165242165242165,0.26999999999999996,True,,,,,
A2_remove_industry_prior,3,80,31809,0.0657264957264958,0.19863247863247863,True,,,,,
A4_remove_hierarchical_pooling,3,80,31809,0.0657264957264958,0.26999999999999996,True,,,,,
A2_remove_industry_prior,3,81,31810,0.07307692307692311,0.15589743589743593,True,,,,,
A4_remove_hierarchical_pooling,3,81,31810,0.07307692307692311,0.35,True,,,,,
A2_remove_industry_prior,3,82,31811,0.22834757834757838,0.2807692307692308,True,,,,,
A4_remove_hierarchical_pooling,3,82,31811,0.22834757834757838,0.83,True,,,,,
A2_remove_industry_prior,3,83,31812,0.252991452991453,0.38333333333333336,True,,,,,
A4_remove_hierarchical_pooling,3,83,31812,0.252991452991453,0.73,True,,,,,
A2_remove_industry_prior,3,84,31813,0.1003703703703704,0.13880341880341884,True,,,,,
A4_remove_hierarchical_pooling,3,84,31813,0.1003703703703704,0.35,True,,,,,
A2_remove_industry_prior,3,85,31814,0.04173789173789176,0.16111111111111115,True,,,,,
A4_remove_hierarchical_pooling,3,85,31814,0.04173789173789176,0.26999999999999996,True,,,,,
A2_remove_industry_prior,3,86,31815,0.13433048433048436,0.27222222222222225,True,,,,,
A4_remove_hierarchical_pooling,3,86,31815,0.13433048433048436,0.49666666666666665,True,,,,,
A2_remove_industry_prior,3,87,31816,0.10037037037037039,0.28076923076923077,True,,,,,
A4_remove_hierarchical_pooling,3,87,31816,0.10037037037037039,0.39666666666666667,True,,,,,
A2_remove_industry_prior,3,88,31817,0.05455840455840458,0.220940170940171,True,,,,,
A4_remove_hierarchical_pooling,3,88,31817,0.05455840455840458,0.2799999999999999,True,,,,,
A2_remove_industry_prior,3,89,31818,0.07450142450142452,0.21743589743589747,True,,,,,
A4_remove_hierarchical_pooling,3,89,31818,0.07450142450142452,0.26999999999999996,True,,,,,
A2_remove_industry_prior,3,90,31819,0.1443019943019943,0.23119658119658126,True,,,,,
A4_remove_hierarchical_pooling,3,90,31819,0.1443019943019943,0.31666666666666665,True,,,,,
A2_remove_industry_prior,3,91,31820,0.04908831908831912,0.1473504273504274,True,,,,,
A4_remove_hierarchical_pooling,3,91,31820,0.04908831908831912,0.26999999999999996,True,,,,,
A2_remove_industry_prior,3,92,31821,0.09321937321937326,0.12863247863247862,True,,,,,
A4_remove_hierarchical_pooling,3,92,31821,0.09321937321937326,0.26999999999999996,True,,,,,
A2_remove_industry_prior,3,93,31822,0.06737891737891737,0.25846153846153846,True,,,,,
A4_remove_hierarchical_pooling,3,93,31822,0.06737891737891737,0.35,True,,,,,
A2_remove_industry_prior,3,94,31823,0.12022792022792017,0.08752136752136755,False,,,,,
A4_remove_hierarchical_pooling,3,94,31823,0.12022792022792017,0.44999999999999996,True,,,,,
A2_remove_industry_prior,3,95,31824,0.08319088319088314,0.08752136752136755,True,,,,,
A4_remove_hierarchical_pooling,3,95,31824,0.08319088319088314,0.44999999999999996,True,,,,,
A2_remove_industry_prior,3,96,31825,0.0747008547008547,0.15589743589743593,True,,,,,
A4_remove_hierarchical_pooling,3,96,31825,0.0747008547008547,0.26999999999999996,True,,,,,
A2_remove_industry_prior,3,97,31826,0.08609686609686615,0.14905982905982906,True,,,,,
A4_remove_hierarchical_pooling,3,97,31826,0.08609686609686615,0.26999999999999996,True,,,,,
A2_remove_industry_prior,3,98,31827,0.09344729344729345,0.27222222222222225,True,,,,,
A4_remove_hierarchical_pooling,3,98,31827,0.09344729344729345,0.39666666666666667,True,,,,,
A2_remove_industry_prior,3,99,31828,0.13883190883190888,0.25512820512820517,True,,,,,
A4_remove_hierarchical_pooling,3,99,31828,0.13883190883190888,0.39666666666666667,True,,,,,
A2_remove_industry_prior,3,100,31829,0.14880341880341885,0.2551282051282051,True,,,,,
A4_remove_hierarchical_pooling,3,100,31829,0.14880341880341885,0.39666666666666667,True,,,,,
A2_remove_industry_prior,3,101,31830,0.06353276353276352,0.16965811965811964,True,,,,,
A4_remove_hierarchical_pooling,3,101,31830,0.06353276353276352,0.35,True,,,,,
A2_remove_industry_prior,3,102,31831,0.07712250712250715,0.21410256410256417,True,,,,,
A4_remove_hierarchical_pooling,3,102,31831,0.07712250712250715,0.26999999999999996,True,,,,,
A2_remove_industry_prior,3,103,31832,0.14025641025641028,0.22948717948717956,True,,,,,
A4_remove_hierarchical_pooling,3,103,31832,0.14025641025641028,0.39666666666666667,True,,,,,
A2_remove_industry_prior,3,104,31833,0.1540455840455841,0.2123931623931624,True,,,,,
A4_remove_hierarchical_pooling,3,104,31833,0.1540455840455841,0.26999999999999996,True,,,,,
A2_remove_industry_prior,3,105,31834,0.11723646723646723,0.1457264957264957,True,,,,,
A4_remove_hierarchical_pooling,3,105,31834,0.11723646723646723,0.26999999999999996,True,,,,,
A2_remove_industry_prior,3,106,31835,0.20313390313390314,0.31495726495726495,True,,,,,
A4_remove_hierarchical_pooling,3,106,31835,0.20313390313390314,0.55,True,,,,,
A2_remove_industry_prior,3,107,31836,0.18846153846153846,0.21239316239316242,True,,,,,
A4_remove_hierarchical_pooling,3,107,31836,0.18846153846153846,0.31666666666666665,True,,,,,
A2_remove_industry_prior,3,108,31837,0.11908831908831907,0.19529914529914533,True,,,,,
A4_remove_hierarchical_pooling,3,108,31837,0.11908831908831907,0.49666666666666665,True,,,,,
A2_remove_industry_prior,3,109,31838,0.193960113960114,0.35769230769230775,True,,,,,
A4_remove_hierarchical_pooling,3,109,31838,0.193960113960114,0.83,True,,,,,
A2_remove_industry_prior,3,110,31839,0.15712250712250714,0.220940170940171,True,,,,,
A4_remove_hierarchical_pooling,3,110,31839,0.15712250712250714,0.2799999999999999,True,,,,,
A2_remove_industry_prior,3,111,31840,0.21145299145299146,0.36102564102564105,True,,,,,
A4_remove_hierarchical_pooling,3,111,31840,0.21145299145299146,0.72,True,,,,,
A2_remove_industry_prior,3,112,31841,0.1141880341880342,0.16282051282051285,True,,,,,
A4_remove_hierarchical_pooling,3,112,31841,0.1141880341880342,0.2799999999999999,True,,,,,
A2_remove_industry_prior,3,113,31842,0.06737891737891741,0.15427350427350428,True,,,,,
A4_remove_hierarchical_pooling,3,113,31842,0.06737891737891741,0.44999999999999996,True,,,,,
A2_remove_industry_prior,3,114,31843,0.10703703703703704,0.2413675213675214,True,,,,,
A4_remove_hierarchical_pooling,3,114,31843,0.10703703703703704,0.26999999999999996,True,,,,,
A2_remove_industry_prior,3,115,31844,0.017891737891737862,0.06188034188034189,True,,,,,
A4_remove_hierarchical_pooling,3,115,31844,0.017891737891737862,0.44999999999999996,True,,,,,
A2_remove_industry_prior,3,116,31845,0.06002849002849004,0.10632478632478631,True,,,,,
A4_remove_hierarchical_pooling,3,116,31845,0.06002849002849004,0.44999999999999996,True,,,,,
A2_remove_industry_prior,3,117,31846,0.15874643874643873,0.30641025641025643,True,,,,,
A4_remove_hierarchical_pooling,3,117,31846,0.15874643874643873,0.3866666666666667,True,,,,,
A2_remove_industry_prior,3,118,31847,0.21595441595441597,0.3268376068376069,True,,,,,
A4_remove_hierarchical_pooling,3,118,31847,0.21595441595441597,0.72,True,,,,,
A2_remove_industry_prior,3,119,31848,0.23974358974358972,0.2978632478632479,True,,,,,
A4_remove_hierarchical_pooling,3,119,31848,0.23974358974358972,0.65,True,,,,,
A2_remove_industry_prior,3,120,31849,0.19538461538461543,0.2465811965811966,True,,,,,
A4_remove_hierarchical_pooling,3,120,31849,0.19538461538461543,0.49666666666666665,True,,,,,
A2_remove_industry_prior,3,121,31850,0.0958689458689459,0.17820512820512818,True,,,,,
A4_remove_hierarchical_pooling,3,121,31850,0.0958689458689459,0.31666666666666665,True,,,,,
A2_remove_industry_prior,3,122,31851,0.11031339031339035,0.22094017094017093,True,,,,,
A4_remove_hierarchical_pooling,3,122,31851,0.11031339031339035,0.3866666666666667,True,,,,,
A2_remove_industry_prior,3,123,31852,0.20982905982905986,0.25512820512820517,True,,,,,
A4_remove_hierarchical_pooling,3,123,31852,0.20982905982905986,0.31666666666666665,True,,,,,
A2_remove_industry_prior,3,124,31853,0.08424501424501425,0.24991452991452992,True,,,,,
A4_remove_hierarchical_pooling,3,124,31853,0.08424501424501425,0.26999999999999996,True,,,,,
A2_remove_industry_prior,3,125,31854,0.15165242165242165,0.23803418803418808,True,,,,,
A4_remove_hierarchical_pooling,3,125,31854,0.15165242165242165,0.49666666666666665,True,,,,,
A2_remove_industry_prior,3,126,31855,0.22307692307692312,0.28076923076923077,True,,,,,
A4_remove_hierarchical_pooling,3,126,31855,0.22307692307692312,0.31666666666666665,True,,,,,
A2_remove_industry_prior,3,127,31856,0.1532763532763533,0.2465811965811966,True,,,,,
A4_remove_hierarchical_pooling,3,127,31856,0.1532763532763533,0.31666666666666665,True,,,,,
A2_remove_industry_prior,3,128,31857,0.04068376068376066,0.07897435897435898,True,,,,,
A4_remove_hierarchical_pooling,3,128,31857,0.04068376068376066,0.44999999999999996,True,,,,,
A2_remove_industry_prior,3,129,31858,0.07344729344729342,0.11316239316239324,True,,,,,
A4_remove_hierarchical_pooling,3,129,31858,0.07344729344729342,0.44999999999999996,True,,,,,
A2_remove_industry_prior,3,130,31859,0.12455840455840458,0.2242735042735043,True,,,,,
A4_remove_hierarchical_pooling,3,130,31859,0.12455840455840458,0.3866666666666667,True,,,,,
A2_remove_industry_prior,3,131,31860,0.1300569800569801,0.22948717948717953,True,,,,,
A4_remove_hierarchical_pooling,3,131,31860,0.1300569800569801,0.31666666666666665,True,,,,,
A2_remove_industry_prior,3,132,31861,0.21387464387464394,0.3405982905982906,True,,,,,
A4_remove_hierarchical_pooling,3,132,31861,0.21387464387464394,0.65,True,,,,,
A2_remove_industry_prior,3,133,31862,0.08304843304843304,0.20384615384615384,True,,,,,
A4_remove_hierarchical_pooling,3,133,31862,0.08304843304843304,0.31666666666666665,True,,,,,
A2_remove_industry_prior,3,134,31863,0.11153846153846154,0.19863247863247865,True,,,,,
A4_remove_hierarchical_pooling,3,134,31863,0.11153846153846154,0.35,True,,,,,
A2_remove_industry_prior,3,135,31864,0.16752136752136756,0.2551282051282051,True,,,,,
A4_remove_hierarchical_pooling,3,135,31864,0.16752136752136756,0.55,True,,,,,
A2_remove_industry_prior,3,136,31865,0.036609686609686574,0.13025641025641027,True,,,,,
A4_remove_hierarchical_pooling,3,136,31865,0.036609686609686574,0.44999999999999996,True,,,,,
A2_remove_industry_prior,3,137,31866,0.11458689458689464,0.28076923076923077,True,,,,,
A4_remove_hierarchical_pooling,3,137,31866,0.11458689458689464,0.39666666666666667,True,,,,,
A2_remove_industry_prior,3,138,31867,0.19415954415954417,0.23803418803418808,True,,,,,
A4_remove_hierarchical_pooling,3,138,31867,0.19415954415954417,0.31666666666666665,True,,,,,
A2_remove_industry_prior,3,139,31868,0.06330484330484333,0.1644444444444445,True,,,,,
A4_remove_hierarchical_pooling,3,139,31868,0.06330484330484333,0.35,True,,,,,
A2_remove_industry_prior,3,140,31869,0.055128205128205085,0.07564102564102566,True,,,,,
A4_remove_hierarchical_pooling,3,140,31869,0.055128205128205085,0.44999999999999996,True,,,,,
A2_remove_industry_prior,3,141,31870,0.15589743589743593,0.2584615384615385,True,,,,,
A4_remove_hierarchical_pooling,3,141,31870,0.15589743589743593,0.3866666666666667,True,,,,,
A2_remove_industry_prior,3,142,31871,0.07487179487179488,0.10461538461538462,True,,,,,
A4_remove_hierarchical_pooling,3,142,31871,0.07487179487179488,0.44999999999999996,True,,,,,
A2_remove_industry_prior,3,143,31872,0.03826210826210825,0.15589743589743593,True,,,,,
A4_remove_hierarchical_pooling,3,143,31872,0.03826210826210825,0.44999999999999996,True,,,,,
A2_remove_industry_prior,3,144,31873,0.0970655270655271,0.20555555555555557,True,,,,,
A4_remove_hierarchical_pooling,3,144,31873,0.0970655270655271,0.26999999999999996,True,,,,,
A2_remove_industry_prior,3,145,31874,0.048860398860398856,0.1867521367521368,True,,,,,
A4_remove_hierarchical_pooling,3,145,31874,0.048860398860398856,0.2799999999999999,True,,,,,
A2_remove_industry_prior,3,146,31875,0.2100569800569801,0.3576923076923077,True,,,,,
A4_remove_hierarchical_pooling,3,146,31875,0.2100569800569801,0.9,True,,,,,
A2_remove_industry_prior,3,147,31876,0.1284045584045585,0.2926495726495727,True,,,,,
A4_remove_hierarchical_pooling,3,147,31876,0.1284045584045585,0.4866666666666667,True,,,,,
A2_remove_industry_prior,3,148,31877,0.14022792022792022,0.2413675213675214,True,,,,,
A4_remove_hierarchical_pooling,3,148,31877,0.14022792022792022,0.3866666666666667,True,,,,,
A2_remove_industry_prior,3,149,31878,0.06595441595441594,0.24991452991452992,True,,,,,
A4_remove_hierarchical_pooling,3,149,31878,0.06595441595441594,0.26999999999999996,True,,,,,
A2_remove_industry_prior,3,150,31879,0.15264957264957268,0.28931623931623934,True,,,,,
A4_remove_hierarchical_pooling,3,150,31879,0.15264957264957268,0.49666666666666665,True,,,,,
A2_remove_industry_prior,3,151,31880,0.1744444444444444,0.2465811965811966,True,,,,,
A4_remove_hierarchical_pooling,3,151,31880,0.1744444444444444,0.39666666666666667,True,,,,,
A2_remove_industry_prior,3,152,31881,0.0749287749287749,0.19863247863247865,True,,,,,
A4_remove_hierarchical_pooling,3,152,31881,0.0749287749287749,0.35,True,,,,,
A2_remove_industry_prior,3,153,31882,0.052051282051282025,0.15589743589743596,True,,,,,
A4_remove_hierarchical_pooling,3,153,31882,0.052051282051282025,0.44999999999999996,True,,,,,
A2_remove_industry_prior,3,154,31883,0.08752136752136752,0.15589743589743593,True,,,,,
A4_remove_hierarchical_pooling,3,154,31883,0.08752136752136752,0.35,True,,,,,
A2_remove_industry_prior,3,155,31884,0.02336182336182331,0.11316239316239322,True,,,,,
A4_remove_hierarchical_pooling,3,155,31884,0.02336182336182331,0.44999999999999996,True,,,,,
A2_remove_industry_prior,3,156,31885,0.11475783475783474,0.03247863247863249,False,,,,,
A4_remove_hierarchical_pooling,3,156,31885,0.11475783475783474,0.44999999999999996,True,,,,,
A2_remove_industry_prior,3,157,31886,0.11746438746438749,0.10128205128205127,False,,,,,
A4_remove_hierarchical_pooling,3,157,31886,0.11746438746438749,0.2799999999999999,True,,,,,
A2_remove_industry_prior,3,158,31887,0.14715099715099716,0.12692307692307694,False,,,,,
A4_remove_hierarchical_pooling,3,158,31887,0.14715099715099716,0.2799999999999999,True,,,,,
A2_remove_industry_prior,3,159,31888,0.1017948717948718,0.2294871794871795,True,,,,,
A4_remove_hierarchical_pooling,3,159,31888,0.1017948717948718,0.35,True,,,,,
A2_remove_industry_prior,3,160,31889,0.10518518518518519,0.24136752136752143,True,,,,,
A4_remove_hierarchical_pooling,3,160,31889,0.10518518518518519,0.26999999999999996,True,,,,,
A2_remove_industry_prior,3,161,31890,0.10461538461538462,0.21239316239316242,True,,,,,
A4_remove_hierarchical_pooling,3,161,31890,0.10461538461538462,0.26999999999999996,True,,,,,
A2_remove_industry_prior,3,162,31891,0.02378917378917377,0.15589743589743593,True,,,,,
A4_remove_hierarchical_pooling,3,162,31891,0.02378917378917377,0.44999999999999996,True,,,,,
A2_remove_industry_prior,3,163,31892,0.19680911680911684,0.18675213675213678,False,,,,,
A4_remove_hierarchical_pooling,3,163,31892,0.19680911680911684,0.49666666666666665,True,,,,,
A2_remove_industry_prior,3,164,31893,0.06344729344729347,0.10461538461538464,True,,,,,
A4_remove_hierarchical_pooling,3,164,31893,0.06344729344729347,0.44999999999999996,True,,,,,
A2_remove_industry_prior,3,165,31894,0.04920227920227915,0.18153846153846154,True,,,,,
A4_remove_hierarchical_pooling,3,165,31894,0.04920227920227915,0.44999999999999996,True,,,,,
A2_remove_industry_prior,3,166,31895,0.10014245014245016,0.2294871794871795,True,,,,,
A4_remove_hierarchical_pooling,3,166,31895,0.10014245014245016,0.49666666666666665,True,,,,,
A2_remove_industry_prior,3,167,31896,0.19558404558404557,0.23803418803418805,True,,,,,
A4_remove_hierarchical_pooling,3,167,31896,0.19558404558404557,0.49666666666666665,True,,,,,
A2_remove_industry_prior,3,168,31897,0.0604558404558405,0.22427350427350434,True,,,,,
A4_remove_hierarchical_pooling,3,168,31897,0.0604558404558405,0.35,True,,,,,
A2_remove_industry_prior,3,169,31898,0.09871794871794878,0.23282051282051286,True,,,,,
A4_remove_hierarchical_pooling,3,169,31898,0.09871794871794878,0.26999999999999996,True,,,,,
A2_remove_industry_prior,3,170,31899,0.1447293447293447,0.22427350427350434,True,,,,,
A4_remove_hierarchical_pooling,3,170,31899,0.1447293447293447,0.3866666666666667,True,,,,,
A2_remove_industry_prior,3,171,31900,0.0785470085470086,0.17820512820512824,True,,,,,
A4_remove_hierarchical_pooling,3,171,31900,0.0785470085470086,0.26999999999999996,True,,,,,
A2_remove_industry_prior,3,172,31901,0.12173789173789176,0.23803418803418805,True,,,,,
A4_remove_hierarchical_pooling,3,172,31901,0.12173789173789176,0.39666666666666667,True,,,,,
A2_remove_industry_prior,3,173,31902,0.1113105413105413,0.19863247863247865,True,,,,,
A4_remove_hierarchical_pooling,3,173,31902,0.1113105413105413,0.26999999999999996,True,,,,,
A2_remove_industry_prior,3,174,31903,0.040883190883190895,0.13880341880341884,True,,,,,
A4_remove_hierarchical_pooling,3,174,31903,0.040883190883190895,0.44999999999999996,True,,,,,
A2_remove_industry_prior,3,175,31904,0.18888888888888894,0.30641025641025643,True,,,,,
A4_remove_hierarchical_pooling,3,175,31904,0.18888888888888894,0.55,True,,,,,
A2_remove_industry_prior,3,176,31905,0.16447293447293448,0.26367521367521374,True,,,,,
A4_remove_hierarchical_pooling,3,176,31905,0.16447293447293448,0.39666666666666667,True,,,,,
A2_remove_industry_prior,3,177,31906,0.20863247863247864,0.25512820512820517,True,,,,,
A4_remove_hierarchical_pooling,3,177,31906,0.20863247863247864,0.39666666666666667,True,,,,,
A2_remove_industry_prior,3,178,31907,0.13290598290598296,0.17820512820512824,True,,,,,
A4_remove_hierarchical_pooling,3,178,31907,0.13290598290598296,0.2799999999999999,True,,,,,
A2_remove_industry_prior,3,179,31908,0.11601139601139604,0.24991452991452995,True,,,,,
A4_remove_hierarchical_pooling,3,179,31908,0.11601139601139604,0.3866666666666667,True,,,,,
A2_remove_industry_prior,3,180,31909,0.12905982905982905,0.33205128205128204,True,,,,,
A4_remove_hierarchical_pooling,3,180,31909,0.12905982905982905,0.55,True,,,,,
A2_remove_industry_prior,3,181,31910,0.09202279202279201,0.20888888888888896,True,,,,,
A4_remove_hierarchical_pooling,3,181,31910,0.09202279202279201,0.26999999999999996,True,,,,,
A2_remove_industry_prior,3,182,31911,0.038660968660968686,0.13717948717948722,True,,,,,
A4_remove_hierarchical_pooling,3,182,31911,0.038660968660968686,0.26999999999999996,True,,,,,
A2_remove_industry_prior,3,183,31912,0.09054131054131054,0.13717948717948716,True,,,,,
A4_remove_hierarchical_pooling,3,183,31912,0.09054131054131054,0.2799999999999999,True,,,,,
A2_remove_industry_prior,3,184,31913,0.1727920227920228,0.23803418803418808,True,,,,,
A4_remove_hierarchical_pooling,3,184,31913,0.1727920227920228,0.31666666666666665,True,,,,,
A2_remove_industry_prior,3,185,31914,0.13433048433048436,0.23282051282051286,True,,,,,
A4_remove_hierarchical_pooling,3,185,31914,0.13433048433048436,0.4866666666666667,True,,,,,
A2_remove_industry_prior,3,186,31915,0.06202279202279205,0.19529914529914533,True,,,,,
A4_remove_hierarchical_pooling,3,186,31915,0.06202279202279205,0.26999999999999996,True,,,,,
A2_remove_industry_prior,3,187,31916,0.07749287749287749,0.044786324786324806,False,,,,,
A4_remove_hierarchical_pooling,3,187,31916,0.07749287749287749,0.44999999999999996,True,,,,,
A2_remove_industry_prior,3,188,31917,0.08874643874643875,0.1867521367521368,True,,,,,
A4_remove_hierarchical_pooling,3,188,31917,0.08874643874643875,0.2799999999999999,True,,,,,
A2_remove_industry_prior,3,189,31918,0.2884045584045584,0.3405982905982906,True,,,,,
A4_remove_hierarchical_pooling,3,189,31918,0.2884045584045584,0.73,True,,,,,
A2_remove_industry_prior,3,190,31919,0.07900284900284897,0.28076923076923077,True,,,,,
A4_remove_hierarchical_pooling,3,190,31919,0.07900284900284897,0.39666666666666667,True,,,,,
A2_remove_industry_prior,3,191,31920,0.14410256410256417,0.23803418803418802,True,,,,,
A4_remove_hierarchical_pooling,3,191,31920,0.14410256410256417,0.49666666666666665,True,,,,,
A2_remove_industry_prior,3,192,31921,0.06190883190883188,0.05504273504273511,False,,,,,
A4_remove_hierarchical_pooling,3,192,31921,0.06190883190883188,0.44999999999999996,True,,,,,
A2_remove_industry_prior,3,193,31922,0.13310541310541313,0.35247863247863254,True,,,,,
A4_remove_hierarchical_pooling,3,193,31922,0.13310541310541313,0.3866666666666667,True,,,,,
A2_remove_industry_prior,3,194,31923,0.03091168091168088,0.21572649572649577,True,,,,,
A4_remove_hierarchical_pooling,3,194,31923,0.03091168091168088,0.35,True,,,,,
A2_remove_industry_prior,3,195,31924,0.06529914529914535,0.19863247863247868,True,,,,,
A4_remove_hierarchical_pooling,3,195,31924,0.06529914529914535,0.35,True,,,,,
A2_remove_industry_prior,3,196,31925,0.1475783475783476,0.28931623931623934,True,,,,,
A4_remove_hierarchical_pooling,3,196,31925,0.1475783475783476,0.39666666666666667,True,,,,,
A2_remove_industry_prior,3,197,31926,0.14410256410256414,0.2978632478632479,True,,,,,
A4_remove_hierarchical_pooling,3,197,31926,0.14410256410256414,0.49666666666666665,True,,,,,
A2_remove_industry_prior,3,198,31927,0.10133903133903131,0.22427350427350431,True,,,,,
A4_remove_hierarchical_pooling,3,198,31927,0.10133903133903131,0.26999999999999996,True,,,,,
A2_remove_industry_prior,3,199,31928,0.14757834757834756,0.23119658119658118,True,,,,,
A4_remove_hierarchical_pooling,3,199,31928,0.14757834757834756,0.31666666666666665,True,,,,,
A2_remove_industry_prior,5,0,51729,0.09530864197530867,0.17185185185185187,True,,,,,
A4_remove_hierarchical_pooling,5,0,51729,0.09530864197530867,0.16999999999999998,True,,,,,
A2_remove_industry_prior,5,1,51730,0.1145679012345679,0.18333333333333338,True,,,,,
A4_remove_hierarchical_pooling,5,1,51730,0.1145679012345679,0.27999999999999997,True,,,,,
A2_remove_industry_prior,5,2,51731,0.21851851851851858,0.3611111111111111,True,,,,,
A4_remove_hierarchical_pooling,5,2,51731,0.21851851851851858,0.55,True,,,,,
A2_remove_industry_prior,5,3,51732,0.0874074074074074,0.16111111111111115,True,,,,,
A4_remove_hierarchical_pooling,5,3,51732,0.0874074074074074,0.27999999999999997,True,,,,,
A2_remove_industry_prior,5,4,51733,0.14358024691358023,0.26481481481481484,True,,,,,
A4_remove_hierarchical_pooling,5,4,51733,0.14358024691358023,0.33,True,,,,,
A2_remove_industry_prior,5,5,51734,0.12962962962962965,0.23851851851851855,True,,,,,
A4_remove_hierarchical_pooling,5,5,51734,0.12962962962962965,0.27,True,,,,,
A2_remove_industry_prior,5,6,51735,0.06691358024691363,0.1348148148148148,True,,,,,
A4_remove_hierarchical_pooling,5,6,51735,0.06691358024691363,0.27,True,,,,,
A2_remove_industry_prior,5,7,51736,0.026543209876543225,0.10518518518518519,True,,,,,
A4_remove_hierarchical_pooling,5,7,51736,0.026543209876543225,0.27,True,,,,,
A2_remove_industry_prior,5,8,51737,0.0833333333333334,0.18333333333333335,True,,,,,
A4_remove_hierarchical_pooling,5,8,51737,0.0833333333333334,0.27999999999999997,True,,,,,
A2_remove_industry_prior,5,9,51738,0.14851851851851855,0.25,True,,,,,
A4_remove_hierarchical_pooling,5,9,51738,0.14851851851851855,0.33,True,,,,,
A2_remove_industry_prior,5,10,51739,0.09469135802469136,0.23111111111111113,True,,,,,
A4_remove_hierarchical_pooling,5,10,51739,0.09469135802469136,0.27,True,,,,,
A2_remove_industry_prior,5,11,51740,0.037283950617283984,0.15703703703703703,True,,,,,
A4_remove_hierarchical_pooling,5,11,51740,0.037283950617283984,0.16999999999999998,True,,,,,
A2_remove_industry_prior,5,12,51741,0.12654320987654322,0.05333333333333336,False,,,,,
A4_remove_hierarchical_pooling,5,12,51741,0.12654320987654322,0.44999999999999996,True,,,,,
A2_remove_industry_prior,5,13,51742,0.125925925925926,0.2055555555555556,True,,,,,
A4_remove_hierarchical_pooling,5,13,51742,0.125925925925926,0.33,True,,,,,
A2_remove_industry_prior,5,14,51743,0.1274074074074074,0.2977777777777778,True,,,,,
A4_remove_hierarchical_pooling,5,14,51743,0.1274074074074074,0.32000000000000006,True,,,,,
A2_remove_industry_prior,5,15,51744,0.1169135802469136,0.1685185185185185,True,,,,,
A4_remove_hierarchical_pooling,5,15,51744,0.1169135802469136,0.25,True,,,,,
A2_remove_industry_prior,5,16,51745,0.17901234567901236,0.23851851851851852,True,,,,,
A4_remove_hierarchical_pooling,5,16,51745,0.17901234567901236,0.32000000000000006,True,,,,,
A2_remove_industry_prior,5,17,51746,0.1255555555555556,0.23851851851851855,True,,,,,
A4_remove_hierarchical_pooling,5,17,51746,0.1255555555555556,0.27,True,,,,,
A2_remove_industry_prior,5,18,51747,0.18617283950617286,0.23518518518518522,True,,,,,
A4_remove_hierarchical_pooling,5,18,51747,0.18617283950617286,0.43,True,,,,,
A2_remove_industry_prior,5,19,51748,0.22197530864197534,0.2574074074074074,True,,,,,
A4_remove_hierarchical_pooling,5,19,51748,0.22197530864197534,0.43,True,,,,,
A2_remove_industry_prior,5,20,51749,0.0682716049382716,0.23851851851851855,True,,,,,
A4_remove_hierarchical_pooling,5,20,51749,0.0682716049382716,0.35,True,,,,,
A2_remove_industry_prior,5,21,51750,0.16333333333333333,0.30185185185185187,True,,,,,
A4_remove_hierarchical_pooling,5,21,51750,0.16333333333333333,0.35000000000000003,True,,,,,
A2_remove_industry_prior,5,22,51751,0.07185185185185186,0.23111111111111116,True,,,,,
A4_remove_hierarchical_pooling,5,22,51751,0.07185185185185186,0.16999999999999998,True,,,,,
A2_remove_industry_prior,5,23,51752,0.10308641975308645,0.25000000000000006,True,,,,,
A4_remove_hierarchical_pooling,5,23,51752,0.10308641975308645,0.25,True,,,,,
A2_remove_industry_prior,5,24,51753,0.04481481481481485,0.10925925925925929,True,,,,,
A4_remove_hierarchical_pooling,5,24,51753,0.04481481481481485,0.28,True,,,,,
A2_remove_industry_prior,5,25,51754,0.09259259259259266,0.27222222222222225,True,,,,,
A4_remove_hierarchical_pooling,5,25,51754,0.09259259259259266,0.15000000000000002,True,,,,,
A2_remove_industry_prior,5,26,51755,0.17962962962962967,0.19074074074074077,True,,,,,
A4_remove_hierarchical_pooling,5,26,51755,0.17962962962962967,0.25,True,,,,,
A2_remove_industry_prior,5,27,51756,0.03185185185185183,0.07555555555555556,True,,,,,
A4_remove_hierarchical_pooling,5,27,51756,0.03185185185185183,0.44999999999999996,True,,,,,
A2_remove_industry_prior,5,28,51757,0.08864197530864196,0.19814814814814816,True,,,,,
A4_remove_hierarchical_pooling,5,28,51757,0.08864197530864196,0.27999999999999997,True,,,,,
A2_remove_industry_prior,5,29,51758,0.09074074074074076,0.25,True,,,,,
A4_remove_hierarchical_pooling,5,29,51758,0.09074074074074076,0.25,True,,,,,
A2_remove_industry_prior,5,30,51759,0.18333333333333335,0.18333333333333335,False,,,,,
A4_remove_hierarchical_pooling,5,30,51759,0.18333333333333335,0.25,True,,,,,
A2_remove_industry_prior,5,31,51760,0.1719753086419753,0.22370370370370368,True,,,,,
A4_remove_hierarchical_pooling,5,31,51760,0.1719753086419753,0.5,True,,,,,
A2_remove_industry_prior,5,32,51761,0.11604938271604938,0.12740740740740744,True,,,,,
A4_remove_hierarchical_pooling,5,32,51761,0.11604938271604938,0.44999999999999996,True,,,,,
A2_remove_industry_prior,5,33,51762,0.15617283950617286,0.16111111111111112,True,,,,,
A4_remove_hierarchical_pooling,5,33,51762,0.15617283950617286,0.35,True,,,,,
A2_remove_industry_prior,5,34,51763,0.11395061728395064,0.2574074074074074,True,,,,,
A4_remove_hierarchical_pooling,5,34,51763,0.11395061728395064,0.33,True,,,,,
A2_remove_industry_prior,5,35,51764,0.13641975308641974,0.15703703703703709,True,,,,,
A4_remove_hierarchical_pooling,5,35,51764,0.13641975308641974,0.35,True,,,,,
A2_remove_industry_prior,5,36,51765,0.01703703703703696,0.10925925925925928,True,,,,,
A4_remove_hierarchical_pooling,5,36,51765,0.01703703703703696,0.09999999999999998,True,,,,,
A2_remove_industry_prior,5,37,51766,0.15209876543209883,0.2459259259259259,True,,,,,
A4_remove_hierarchical_pooling,5,37,51766,0.15209876543209883,0.32000000000000006,True,,,,,
A2_remove_industry_prior,5,38,51767,0.0820987654320988,0.09037037037037042,True,,,,,
A4_remove_hierarchical_pooling,5,38,51767,0.0820987654320988,0.35,True,,,,,
A2_remove_industry_prior,5,39,51768,0.09506172839506172,0.08555555555555554,False,,,,,
A4_remove_hierarchical_pooling,5,39,51768,0.09506172839506172,0.28,True,,,,,
A2_remove_industry_prior,5,40,51769,0.12802469135802472,0.06814814814814818,False,,,,,
A4_remove_hierarchical_pooling,5,40,51769,0.12802469135802472,0.27,True,,,,,
A2_remove_industry_prior,5,41,51770,0.06271604938271602,0.09037037037037038,True,,,,,
A4_remove_hierarchical_pooling,5,41,51770,0.06271604938271602,0.28,True,,,,,
A2_remove_industry_prior,5,42,51771,0.14654320987654323,0.17925925925925928,True,,,,,
A4_remove_hierarchical_pooling,5,42,51771,0.14654320987654323,0.27,True,,,,,
A2_remove_industry_prior,5,43,51772,0.06234567901234571,0.1907407407407408,True,,,,,
A4_remove_hierarchical_pooling,5,43,51772,0.06234567901234571,0.09999999999999998,True,,,,,
A2_remove_industry_prior,5,44,51773,0.13,0.19814814814814813,True,,,,,
A4_remove_hierarchical_pooling,5,44,51773,0.13,0.33,True,,,,,
A2_remove_industry_prior,5,45,51774,0.05777777777777776,0.07962962962962963,True,,,,,
A4_remove_hierarchical_pooling,5,45,51774,0.05777777777777776,0.28,True,,,,,
A2_remove_industry_prior,5,46,51775,0.07679012345679014,0.19814814814814816,True,,,,,
A4_remove_hierarchical_pooling,5,46,51775,0.07679012345679014,0.16999999999999998,True,,,,,
A2_remove_industry_prior,5,47,51776,0.06259259259259256,0.11259259259259263,True,,,,,
A4_remove_hierarchical_pooling,5,47,51776,0.06259259259259256,0.27,True,,,,,
A2_remove_industry_prior,5,48,51777,0.06333333333333335,0.09444444444444444,True,,,,,
A4_remove_hierarchical_pooling,5,48,51777,0.06333333333333335,0.17999999999999997,True,,,,,
A2_remove_industry_prior,5,49,51778,0.10987654320987654,0.24259259259259264,True,,,,,
A4_remove_hierarchical_pooling,5,49,51778,0.10987654320987654,0.15000000000000002,True,,,,,
A2_remove_industry_prior,5,50,51779,0.037037037037037014,0.12740740740740747,True,,,,,
A4_remove_hierarchical_pooling,5,50,51779,0.037037037037037014,0.27,True,,,,,
A2_remove_industry_prior,5,51,51780,0.11234567901234564,0.06814814814814818,False,,,,,
A4_remove_hierarchical_pooling,5,51,51780,0.11234567901234564,0.28,True,,,,,
A2_remove_industry_prior,5,52,51781,0.08604938271604934,0.06814814814814818,False,,,,,
A4_remove_hierarchical_pooling,5,52,51781,0.08604938271604934,0.44999999999999996,True,,,,,
A2_remove_industry_prior,5,53,51782,0.15333333333333335,0.3314814814814815,True,,,,,
A4_remove_hierarchical_pooling,5,53,51782,0.15333333333333335,0.32000000000000006,True,,,,,
A2_remove_industry_prior,5,54,51783,0.13271604938271608,0.212962962962963,True,,,,,
A4_remove_hierarchical_pooling,5,54,51783,0.13271604938271608,0.25,True,,,,,
A2_remove_industry_prior,5,55,51784,0.09074074074074068,0.14962962962962967,True,,,,,
A4_remove_hierarchical_pooling,5,55,51784,0.09074074074074068,0.35,True,,,,,
A2_remove_industry_prior,5,56,51785,0.07469135802469143,0.17185185185185187,True,,,,,
A4_remove_hierarchical_pooling,5,56,51785,0.07469135802469143,0.09999999999999998,True,,,,,
A2_remove_industry_prior,5,57,51786,0.06728395061728398,0.15370370370370373,True,,,,,
A4_remove_hierarchical_pooling,5,57,51786,0.06728395061728398,0.09999999999999998,True,,,,,
A2_remove_industry_prior,5,58,51787,0.22654320987654322,0.30925925925925923,True,,,,,
A4_remove_hierarchical_pooling,5,58,51787,0.22654320987654322,0.45000000000000007,True,,,,,
A2_remove_industry_prior,5,59,51788,0.1475308641975309,0.23518518518518522,True,,,,,
A4_remove_hierarchical_pooling,5,59,51788,0.1475308641975309,0.25,True,,,,,
A2_remove_industry_prior,5,60,51789,0.21851851851851856,0.29444444444444445,True,,,,,
A4_remove_hierarchical_pooling,5,60,51789,0.21851851851851856,0.45,True,,,,,
A2_remove_industry_prior,5,61,51790,0.04296296296296294,0.19814814814814818,True,,,,,
A4_remove_hierarchical_pooling,5,61,51790,0.04296296296296294,0.09999999999999998,True,,,,,
A2_remove_industry_prior,5,62,51791,0.1771604938271605,0.2533333333333334,True,,,,,
A4_remove_hierarchical_pooling,5,62,51791,0.1771604938271605,0.5,True,,,,,
A2_remove_industry_prior,5,63,51792,0.10185185185185186,0.16111111111111115,True,,,,,
A4_remove_hierarchical_pooling,5,63,51792,0.10185185185185186,0.09999999999999998,False,,,,,
A2_remove_industry_prior,5,64,51793,0.04938271604938271,0.212962962962963,True,,,,,
A4_remove_hierarchical_pooling,5,64,51793,0.04938271604938271,0.25,True,,,,,
A2_remove_industry_prior,5,65,51794,0.14444444444444443,0.28296296296296297,True,,,,,
A4_remove_hierarchical_pooling,5,65,51794,0.14444444444444443,0.32000000000000006,True,,,,,
A2_remove_industry_prior,5,66,51795,0.08975308641975313,0.22370370370370374,True,,,,,
A4_remove_hierarchical_pooling,5,66,51795,0.08975308641975313,0.27,True,,,,,
A2_remove_industry_prior,5,67,51796,0.08370370370370364,0.08703703703703705,True,,,,,
A4_remove_hierarchical_pooling,5,67,51796,0.08370370370370364,0.28,True,,,,,
A2_remove_industry_prior,5,68,51797,0.10987654320987655,0.2425925925925926,True,,,,,
A4_remove_hierarchical_pooling,5,68,51797,0.10987654320987655,0.25,True,,,,,
A2_remove_industry_prior,5,69,51798,0.16814814814814816,0.3092592592592593,True,,,,,
A4_remove_hierarchical_pooling,5,69,51798,0.16814814814814816,0.45,True,,,,,
A2_remove_industry_prior,5,70,51799,0.04604938271604937,0.2533333333333334,True,,,,,
A4_remove_hierarchical_pooling,5,70,51799,0.04604938271604937,0.16999999999999998,True,,,,,
A2_remove_industry_prior,5,71,51800,0.09160493827160497,0.14962962962962967,True,,,,,
A4_remove_hierarchical_pooling,5,71,51800,0.09160493827160497,0.16999999999999998,True,,,,,
A2_remove_industry_prior,5,72,51801,0.1117283950617284,0.20888888888888896,True,,,,,
A4_remove_hierarchical_pooling,5,72,51801,0.1117283950617284,0.09999999999999998,False,,,,,
A2_remove_industry_prior,5,73,51802,0.07222222222222222,0.15703703703703709,True,,,,,
A4_remove_hierarchical_pooling,5,73,51802,0.07222222222222222,0.35,True,,,,,
A2_remove_industry_prior,5,74,51803,0.06395061728395067,0.14629629629629634,True,,,,,
A4_remove_hierarchical_pooling,5,74,51803,0.06395061728395067,0.27999999999999997,True,,,,,
A2_remove_industry_prior,5,75,51804,0.20617283950617288,0.22037037037037038,True,,,,,
A4_remove_hierarchical_pooling,5,75,51804,0.20617283950617288,0.25,True,,,,,
A2_remove_industry_prior,5,76,51805,0.10716049382716045,0.07222222222222224,False,,,,,
A4_remove_hierarchical_pooling,5,76,51805,0.10716049382716045,0.28,True,,,,,
A2_remove_industry_prior,5,77,51806,0.0812345679012346,0.16851851851851854,True,,,,,
A4_remove_hierarchical_pooling,5,77,51806,0.0812345679012346,0.27999999999999997,True,,,,,
A2_remove_industry_prior,5,78,51807,0.09691358024691366,0.2014814814814815,True,,,,,
A4_remove_hierarchical_pooling,5,78,51807,0.09691358024691366,0.09999999999999998,True,,,,,
A2_remove_industry_prior,5,79,51808,0.0740740740740741,0.16111111111111115,True,,,,,
A4_remove_hierarchical_pooling,5,79,51808,0.0740740740740741,0.17999999999999997,True,,,,,
A2_remove_industry_prior,5,80,51809,0.14135802469135805,0.24259259259259258,True,,,,,
A4_remove_hierarchical_pooling,5,80,51809,0.14135802469135805,0.35000000000000003,True,,,,,
A2_remove_industry_prior,5,81,51810,0.14135802469135805,0.23851851851851857,True,,,,,
A4_remove_hierarchical_pooling,5,81,51810,0.14135802469135805,0.25,True,,,,,
A2_remove_industry_prior,5,82,51811,0.17098765432098767,0.2425925925925926,True,,,,,
A4_remove_hierarchical_pooling,5,82,51811,0.17098765432098767,0.25,True,,,,,
A2_remove_industry_prior,5,83,51812,0.0804938271604938,0.21629629629629632,True,,,,,
A4_remove_hierarchical_pooling,5,83,51812,0.0804938271604938,0.16999999999999998,True,,,,,
A2_remove_industry_prior,5,84,51813,0.09567901234567903,0.1388888888888889,True,,,,,
A4_remove_hierarchical_pooling,5,84,51813,0.09567901234567903,0.09999999999999998,True,,,,,
A2_remove_industry_prior,5,85,51814,0.11049382716049386,0.212962962962963,True,,,,,
A4_remove_hierarchical_pooling,5,85,51814,0.11049382716049386,0.25,True,,,,,
A2_remove_industry_prior,5,86,51815,0.18950617283950616,0.22037037037037038,True,,,,,
A4_remove_hierarchical_pooling,5,86,51815,0.18950617283950616,0.25,True,,,,,
A2_remove_industry_prior,5,87,51816,0.04543209876543205,0.1462962962962963,True,,,,,
A4_remove_hierarchical_pooling,5,87,51816,0.04543209876543205,0.09999999999999998,True,,,,,
A2_remove_industry_prior,5,88,51817,0.13172839506172837,0.10518518518518521,False,,,,,
A4_remove_hierarchical_pooling,5,88,51817,0.13172839506172837,0.44999999999999996,True,,,,,
A2_remove_industry_prior,5,89,51818,0.12925925925925924,0.0977777777777778,False,,,,,
A4_remove_hierarchical_pooling,5,89,51818,0.12925925925925924,0.27,True,,,,,
A2_remove_industry_prior,5,90,51819,0.18209876543209874,0.2870370370370371,True,,,,,
A4_remove_hierarchical_pooling,5,90,51819,0.18209876543209874,0.45000000000000007,True,,,,,
A2_remove_industry_prior,5,91,51820,0.11543209876543213,0.245925925925926,True,,,,,
A4_remove_hierarchical_pooling,5,91,51820,0.11543209876543213,0.25,True,,,,,
A2_remove_industry_prior,5,92,51821,0.10061728395061727,0.15370370370370373,True,,,,,
A4_remove_hierarchical_pooling,5,92,51821,0.10061728395061727,0.09999999999999998,False,,,,,
A2_remove_industry_prior,5,93,51822,0.07308641975308645,0.1718518518518519,True,,,,,
A4_remove_hierarchical_pooling,5,93,51822,0.07308641975308645,0.35,True,,,,,
A2_remove_industry_prior,5,94,51823,0.07345679012345682,0.14962962962962967,True,,,,,
A4_remove_hierarchical_pooling,5,94,51823,0.07345679012345682,0.09999999999999998,True,,,,,
A2_remove_industry_prior,5,95,51824,0.1962962962962963,0.2944444444444444,True,,,,,
A4_remove_hierarchical_pooling,5,95,51824,0.1962962962962963,0.45000000000000007,True,,,,,
A2_remove_industry_prior,5,96,51825,0.04419753086419754,0.10925925925925929,True,,,,,
A4_remove_hierarchical_pooling,5,96,51825,0.04419753086419754,0.27999999999999997,True,,,,,
A2_remove_industry_prior,5,97,51826,0.14444444444444446,0.25000000000000006,True,,,,,
A4_remove_hierarchical_pooling,5,97,51826,0.14444444444444446,0.33,True,,,,,
A2_remove_industry_prior,5,98,51827,0.12864197530864208,0.17185185185185187,True,,,,,
A4_remove_hierarchical_pooling,5,98,51827,0.12864197530864208,0.35,True,,,,,
A2_remove_industry_prior,5,99,51828,0.20493827160493833,0.21296296296296297,True,,,,,
A4_remove_hierarchical_pooling,5,99,51828,0.20493827160493833,0.15000000000000002,False,,,,,
A2_remove_industry_prior,5,100,51829,0.08617283950617281,0.10185185185185189,True,,,,,
A4_remove_hierarchical_pooling,5,100,51829,0.08617283950617281,0.28,True,,,,,
A2_remove_industry_prior,5,101,51830,0.02999999999999995,0.07962962962962963,True,,,,,
A4_remove_hierarchical_pooling,5,101,51830,0.02999999999999995,0.28,True,,,,,
A2_remove_industry_prior,5,102,51831,0.2537037037037037,0.3685185185185185,True,,,,,
A4_remove_hierarchical_pooling,5,102,51831,0.2537037037037037,0.65,True,,,,,
A2_remove_industry_prior,5,103,51832,0.11197530864197536,0.23518518518518525,True,,,,,
A4_remove_hierarchical_pooling,5,103,51832,0.11197530864197536,0.25,True,,,,,
A2_remove_industry_prior,5,104,51833,0.1697530864197531,0.34629629629629627,True,,,,,
A4_remove_hierarchical_pooling,5,104,51833,0.1697530864197531,0.45000000000000007,True,,,,,
A2_remove_industry_prior,5,105,51834,0.062345679012345695,0.16851851851851857,True,,,,,
A4_remove_hierarchical_pooling,5,105,51834,0.062345679012345695,0.17999999999999997,True,,,,,
A2_remove_industry_prior,5,106,51835,0.24259259259259267,0.2796296296296296,True,,,,,
A4_remove_hierarchical_pooling,5,106,51835,0.24259259259259267,0.45000000000000007,True,,,,,
A2_remove_industry_prior,5,107,51836,0.031851851851851805,0.1907407407407407,True,,,,,
A4_remove_hierarchical_pooling,5,107,51836,0.031851851851851805,0.17999999999999997,True,,,,,
A2_remove_industry_prior,5,108,51837,0.0798765432098765,0.10518518518518519,True,,,,,
A4_remove_hierarchical_pooling,5,108,51837,0.0798765432098765,0.27,True,,,,,
A2_remove_industry_prior,5,109,51838,0.16358024691358028,0.22037037037037038,True,,,,,
A4_remove_hierarchical_pooling,5,109,51838,0.16358024691358028,0.27999999999999997,True,,,,,
A2_remove_industry_prior,5,110,51839,0.03580246913580245,0.1348148148148149,True,,,,,
A4_remove_hierarchical_pooling,5,110,51839,0.03580246913580245,0.27,True,,,,,
A2_remove_industry_prior,5,111,51840,0.057654320987654335,0.12407407407407411,True,,,,,
A4_remove_hierarchical_pooling,5,111,51840,0.057654320987654335,0.09999999999999998,True,,,,,
A2_remove_industry_prior,5,112,51841,0.21419753086419757,0.30185185185185187,True,,,,,
A4_remove_hierarchical_pooling,5,112,51841,0.21419753086419757,0.45000000000000007,True,,,,,
A2_remove_industry_prior,5,113,51842,0.08987654320987656,0.05000000000000001,False,,,,,
A4_remove_hierarchical_pooling,5,113,51842,0.08987654320987656,0.28,True,,,,,
A2_remove_industry_prior,5,114,51843,0.16358024691358028,0.26481481481481484,True,,,,,
A4_remove_hierarchical_pooling,5,114,51843,0.16358024691358028,0.25,True,,,,,
A2_remove_industry_prior,5,115,51844,0.07876543209876545,0.2796296296296297,True,,,,,
A4_remove_hierarchical_pooling,5,115,51844,0.07876543209876545,0.25,True,,,,,
A2_remove_industry_prior,5,116,51845,0.055308641975308694,0.16851851851851857,True,,,,,
A4_remove_hierarchical_pooling,5,116,51845,0.055308641975308694,0.27999999999999997,True,,,,,
A2_remove_industry_prior,5,117,51846,0.03604938271604938,0.14962962962962967,True,,,,,
A4_remove_hierarchical_pooling,5,117,51846,0.03604938271604938,0.35,True,,,,,
A2_remove_industry_prior,5,118,51847,0.17814814814814817,0.19814814814814818,True,,,,,
A4_remove_hierarchical_pooling,5,118,51847,0.17814814814814817,0.33,True,,,,,
A2_remove_industry_prior,5,119,51848,0.26234567901234573,0.3240740740740741,True,,,,,
A4_remove_hierarchical_pooling,5,119,51848,0.26234567901234573,0.45,True,,,,,
A2_remove_industry_prior,5,120,51849,0.24012345679012348,0.27222222222222225,True,,,,,
A4_remove_hierarchical_pooling,5,120,51849,0.24012345679012348,0.45000000000000007,True,,,,,
A2_remove_industry_prior,5,121,51850,0.08493827160493829,0.04259259259259262,False,,,,,
A4_remove_hierarchical_pooling,5,121,51850,0.08493827160493829,0.44999999999999996,True,,,,,
A2_remove_industry_prior,5,122,51851,0.07469135802469136,0.10518518518518521,True,,,,,
A4_remove_hierarchical_pooling,5,122,51851,0.07469135802469136,0.35,True,,,,,
A2_remove_industry_prior,5,123,51852,0.09382716049382718,0.21296296296296297,True,,,,,
A4_remove_hierarchical_pooling,5,123,51852,0.09382716049382718,0.33,True,,,,,
A2_remove_industry_prior,5,124,51853,0.08456790123456788,0.10518518518518527,True,,,,,
A4_remove_hierarchical_pooling,5,124,51853,0.08456790123456788,0.35,True,,,,,
A2_remove_industry_prior,5,125,51854,0.1534567901234568,0.22777777777777783,True,,,,,
A4_remove_hierarchical_pooling,5,125,51854,0.1534567901234568,0.33,True,,,,,
A2_remove_industry_prior,5,126,51855,0.10395061728395065,0.2277777777777778,True,,,,,
A4_remove_hierarchical_pooling,5,126,51855,0.10395061728395065,0.32000000000000006,True,,,,,
A2_remove_industry_prior,5,127,51856,0.12246913580246918,0.2014814814814815,True,,,,,
A4_remove_hierarchical_pooling,5,127,51856,0.12246913580246918,0.16999999999999998,True,,,,,
A2_remove_industry_prior,5,128,51857,0.23888888888888893,0.31666666666666665,True,,,,,
A4_remove_hierarchical_pooling,5,128,51857,0.23888888888888893,0.45,True,,,,,
A2_remove_industry_prior,5,129,51858,0.06395061728395059,0.14629629629629634,True,,,,,
A4_remove_hierarchical_pooling,5,129,51858,0.06395061728395059,0.28,True,,,,,
A2_remove_industry_prior,5,130,51859,0.2246913580246913,0.26481481481481484,True,,,,,
A4_remove_hierarchical_pooling,5,130,51859,0.2246913580246913,0.35000000000000003,True,,,,,
A2_remove_industry_prior,5,131,51860,0.11296296296296301,0.16111111111111112,True,,,,,
A4_remove_hierarchical_pooling,5,131,51860,0.11296296296296301,0.09999999999999998,False,,,,,
A2_remove_industry_prior,5,132,51861,0.24691358024691362,0.2903703703703704,True,,,,,
A4_remove_hierarchical_pooling,5,132,51861,0.24691358024691362,0.52,True,,,,,
A2_remove_industry_prior,5,133,51862,0.015432098765432091,0.12000000000000005,True,,,,,
A4_remove_hierarchical_pooling,5,133,51862,0.015432098765432091,0.27,True,,,,,
A2_remove_industry_prior,5,134,51863,0.13395061728395063,0.2203703703703704,True,,,,,
A4_remove_hierarchical_pooling,5,134,51863,0.13395061728395063,0.25,True,,,,,
A2_remove_industry_prior,5,135,51864,0.07530864197530865,0.1644444444444445,True,,,,,
A4_remove_hierarchical_pooling,5,135,51864,0.07530864197530865,0.27,True,,,,,
A2_remove_industry_prior,5,136,51865,0.049753086419753054,0.13481481481481483,True,,,,,
A4_remove_hierarchical_pooling,5,136,51865,0.049753086419753054,0.16999999999999998,True,,,,,
A2_remove_industry_prior,5,137,51866,0.2806172839506173,0.30925925925925923,True,,,,,
A4_remove_hierarchical_pooling,5,137,51866,0.2806172839506173,0.73,True,,,,,
A2_remove_industry_prior,5,138,51867,0.0732098765432099,0.16111111111111112,True,,,,,
A4_remove_hierarchical_pooling,5,138,51867,0.0732098765432099,0.17999999999999997,True,,,,,
A2_remove_industry_prior,5,139,51868,0.14197530864197533,0.3018518518518519,True,,,,,
A4_remove_hierarchical_pooling,5,139,51868,0.14197530864197533,0.32000000000000006,True,,,,,
A2_remove_industry_prior,5,140,51869,0.07938271604938271,0.27222222222222225,True,,,,,
A4_remove_hierarchical_pooling,5,140,51869,0.07938271604938271,0.35000000000000003,True,,,,,
A2_remove_industry_prior,5,141,51870,0.06296296296296293,0.04592592592592599,False,,,,,
A4_remove_hierarchical_pooling,5,141,51870,0.06296296296296293,0.44999999999999996,True,,,,,
A2_remove_industry_prior,5,142,51871,0.13172839506172843,0.16111111111111112,True,,,,,
A4_remove_hierarchical_pooling,5,142,51871,0.13172839506172843,0.27,True,,,,,
A2_remove_industry_prior,5,143,51872,0.02506172839506169,0.1611111111111111,True,,,,,
A4_remove_hierarchical_pooling,5,143,51872,0.02506172839506169,0.17999999999999997,True,,,,,
A2_remove_industry_prior,5,144,51873,0.11456790123456786,0.08703703703703708,False,,,,,
A4_remove_hierarchical_pooling,5,144,51873,0.11456790123456786,0.28,True,,,,,
A2_remove_industry_prior,5,145,51874,0.15827160493827164,0.21629629629629632,True,,,,,
A4_remove_hierarchical_pooling,5,145,51874,0.15827160493827164,0.16999999999999998,True,,,,,
A2_remove_industry_prior,5,146,51875,0.16814814814814816,0.20888888888888896,True,,,,,
A4_remove_hierarchical_pooling,5,146,51875,0.16814814814814816,0.32000000000000006,True,,,,,
A2_remove_industry_prior,5,147,51876,0.045432098765432076,0.07222222222222226,True,,,,,
A4_remove_hierarchical_pooling,5,147,51876,0.045432098765432076,0.28,True,,,,,
A2_remove_industry_prior,5,148,51877,0.08061728395061729,0.1388888888888889,True,,,,,
A4_remove_hierarchical_pooling,5,148,51877,0.08061728395061729,0.17999999999999997,True,,,,,
A2_remove_industry_prior,5,149,51878,0.24074074074074073,0.29444444444444445,True,,,,,
A4_remove_hierarchical_pooling,5,149,51878,0.24074074074074073,0.35000000000000003,True,,,,,
A2_remove_industry_prior,5,150,51879,0.08481481481481479,0.15703703703703709,True,,,,,
A4_remove_hierarchical_pooling,5,150,51879,0.08481481481481479,0.27,True,,,,,
A2_remove_industry_prior,5,151,51880,0.04666666666666663,0.07962962962962965,True,,,,,
A4_remove_hierarchical_pooling,5,151,51880,0.04666666666666663,0.28,True,,,,,
A2_remove_industry_prior,5,152,51881,0.04851851851851856,0.12740740740740747,True,,,,,
A4_remove_hierarchical_pooling,5,152,51881,0.04851851851851856,0.35,True,,,,,
A2_remove_industry_prior,5,153,51882,0.09506172839506177,0.1537037037037037,True,,,,,
A4_remove_hierarchical_pooling,5,153,51882,0.09506172839506177,0.09999999999999998,True,,,,,
A2_remove_industry_prior,5,154,51883,0.11271604938271611,0.22037037037037038,True,,,,,
A4_remove_hierarchical_pooling,5,154,51883,0.11271604938271611,0.17999999999999997,True,,,,,
A2_remove_industry_prior,5,155,51884,0.26320987654320993,0.3792592592592593,True,,,,,
A4_remove_hierarchical_pooling,5,155,51884,0.26320987654320993,0.7200000000000001,True,,,,,
A2_remove_industry_prior,5,156,51885,0.12629629629629635,0.23518518518518525,True,,,,,
A4_remove_hierarchical_pooling,5,156,51885,0.12629629629629635,0.33,True,,,,,
A2_remove_industry_prior,5,157,51886,0.2098765432098766,0.30925925925925923,True,,,,,
A4_remove_hierarchical_pooling,5,157,51886,0.2098765432098766,0.35000000000000003,True,,,,,
A2_remove_industry_prior,5,158,51887,0.05493827160493826,0.1462962962962963,True,,,,,
A4_remove_hierarchical_pooling,5,158,51887,0.05493827160493826,0.09999999999999998,True,,,,,
A2_remove_industry_prior,5,159,51888,0.16086419753086417,0.21296296296296302,True,,,,,
A4_remove_hierarchical_pooling,5,159,51888,0.16086419753086417,0.33,True,,,,,
A2_remove_industry_prior,5,160,51889,0.15185185185185182,0.0903703703703704,False,,,,,
A4_remove_hierarchical_pooling,5,160,51889,0.15185185185185182,0.44999999999999996,True,,,,,
A2_remove_industry_prior,5,161,51890,0.15098765432098765,0.2277777777777778,True,,,,,
A4_remove_hierarchical_pooling,5,161,51890,0.15098765432098765,0.33,True,,,,,
A2_remove_industry_prior,5,162,51891,0.06827160493827156,0.18333333333333338,True,,,,,
A4_remove_hierarchical_pooling,5,162,51891,0.06827160493827156,0.17999999999999997,True,,,,,
A2_remove_industry_prior,5,163,51892,0.03703703703703702,0.1718518518518519,True,,,,,
A4_remove_hierarchical_pooling,5,163,51892,0.03703703703703702,0.27,True,,,,,
A2_remove_industry_prior,5,164,51893,0.1138271604938272,0.2574074074074074,True,,,,,
A4_remove_hierarchical_pooling,5,164,51893,0.1138271604938272,0.15000000000000002,True,,,,,
A2_remove_industry_prior,5,165,51894,0.0993827160493827,0.16851851851851854,True,,,,,
A4_remove_hierarchical_pooling,5,165,51894,0.0993827160493827,0.09999999999999998,True,,,,,
A2_remove_industry_prior,5,166,51895,0.1403703703703704,0.20888888888888898,True,,,,,
A4_remove_hierarchical_pooling,5,166,51895,0.1403703703703704,0.27,True,,,,,
A2_remove_industry_prior,5,167,51896,0.07987654320987661,0.212962962962963,True,,,,,
A4_remove_hierarchical_pooling,5,167,51896,0.07987654320987661,0.25,True,,,,,
A2_remove_industry_prior,5,168,51897,0.05901234567901234,0.07222222222222227,True,,,,,
A4_remove_hierarchical_pooling,5,168,51897,0.05901234567901234,0.28,True,,,,,
A2_remove_industry_prior,5,169,51898,0.1537037037037037,0.27222222222222225,True,,,,,
A4_remove_hierarchical_pooling,5,169,51898,0.1537037037037037,0.25,True,,,,,
A2_remove_industry_prior,5,170,51899,0.10185185185185183,0.1644444444444445,True,,,,,
A4_remove_hierarchical_pooling,5,170,51899,0.10185185185185183,0.35,True,,,,,
A2_remove_industry_prior,5,171,51900,0.1485185185185185,0.16851851851851857,True,,,,,
A4_remove_hierarchical_pooling,5,171,51900,0.1485185185185185,0.17999999999999997,True,,,,,
A2_remove_industry_prior,5,172,51901,0.1534567901234568,0.27222222222222225,True,,,,,
A4_remove_hierarchical_pooling,5,172,51901,0.1534567901234568,0.43,True,,,,,
A2_remove_industry_prior,5,173,51902,0.1388888888888889,0.13481481481481486,False,,,,,
A4_remove_hierarchical_pooling,5,173,51902,0.1388888888888889,0.09999999999999998,False,,,,,
A2_remove_industry_prior,5,174,51903,0.095925925925926,0.21629629629629638,True,,,,,
A4_remove_hierarchical_pooling,5,174,51903,0.095925925925926,0.25,True,,,,,
A2_remove_industry_prior,5,175,51904,0.10802469135802466,0.0977777777777778,False,,,,,
A4_remove_hierarchical_pooling,5,175,51904,0.10802469135802466,0.35,True,,,,,
A2_remove_industry_prior,5,176,51905,0.07592592592592595,0.1388888888888889,True,,,,,
A4_remove_hierarchical_pooling,5,176,51905,0.07592592592592595,0.09999999999999998,True,,,,,
A2_remove_industry_prior,5,177,51906,0.10839506172839503,0.04259259259259261,False,,,,,
A4_remove_hierarchical_pooling,5,177,51906,0.10839506172839503,0.28,True,,,,,
A2_remove_industry_prior,5,178,51907,0.17740740740740743,0.16444444444444445,False,,,,,
A4_remove_hierarchical_pooling,5,178,51907,0.17740740740740743,0.42000000000000004,True,,,,,
A2_remove_industry_prior,5,179,51908,0.2669135802469137,0.3092592592592593,True,,,,,
A4_remove_hierarchical_pooling,5,179,51908,0.2669135802469137,0.35000000000000003,True,,,,,
A2_remove_industry_prior,5,180,51909,0.0969135802469136,0.17592592592592596,True,,,,,
A4_remove_hierarchical_pooling,5,180,51909,0.0969135802469136,0.09999999999999998,True,,,,,
A2_remove_industry_prior,5,181,51910,0.13740740740740742,0.25000000000000006,True,,,,,
A4_remove_hierarchical_pooling,5,181,51910,0.13740740740740742,0.33,True,,,,,
A2_remove_industry_prior,5,182,51911,0.08604938271604934,0.09777777777777782,True,,,,,
A4_remove_hierarchical_pooling,5,182,51911,0.08604938271604934,0.44999999999999996,True,,,,,
A2_remove_industry_prior,5,183,51912,0.1462962962962963,0.23518518518518522,True,,,,,
A4_remove_hierarchical_pooling,5,183,51912,0.1462962962962963,0.15000000000000002,True,,,,,
A2_remove_industry_prior,5,184,51913,0.06567901234567898,0.12740740740740744,True,,,,,
A4_remove_hierarchical_pooling,5,184,51913,0.06567901234567898,0.35,True,,,,,
A2_remove_industry_prior,5,185,51914,0.06827160493827163,0.16444444444444448,True,,,,,
A4_remove_hierarchical_pooling,5,185,51914,0.06827160493827163,0.17999999999999997,True,,,,,
A2_remove_industry_prior,5,186,51915,0.04296296296296291,0.07555555555555563,True,,,,,
A4_remove_hierarchical_pooling,5,186,51915,0.04296296296296291,0.28,True,,,,,
A2_remove_industry_prior,5,187,51916,0.08679012345679013,0.16111111111111115,True,,,,,
A4_remove_hierarchical_pooling,5,187,51916,0.08679012345679013,0.17999999999999997,True,,,,,
A2_remove_industry_prior,5,188,51917,0.04753086419753085,0.14222222222222222,True,,,,,
A4_remove_hierarchical_pooling,5,188,51917,0.04753086419753085,0.35,True,,,,,
A2_remove_industry_prior,5,189,51918,0.1485185185185185,0.21296296296296297,True,,,,,
A4_remove_hierarchical_pooling,5,189,51918,0.1485185185185185,0.33,True,,,,,
A2_remove_industry_prior,5,190,51919,0.11580246913580244,0.11666666666666667,True,,,,,
A4_remove_hierarchical_pooling,5,190,51919,0.11580246913580244,0.28,True,,,,,
A2_remove_industry_prior,5,191,51920,0.07000000000000003,0.17592592592592593,True,,,,,
A4_remove_hierarchical_pooling,5,191,51920,0.07000000000000003,0.09999999999999998,True,,,,,
A2_remove_industry_prior,5,192,51921,0.10086419753086423,0.2014814814814815,True,,,,,
A4_remove_hierarchical_pooling,5,192,51921,0.10086419753086423,0.27,True,,,,,
A2_remove_industry_prior,5,193,51922,0.03604938271604935,0.14962962962962967,True,,,,,
A4_remove_hierarchical_pooling,5,193,51922,0.03604938271604935,0.35,True,,,,,
A2_remove_industry_prior,5,194,51923,0.08493827160493825,0.10185185185185187,True,,,,,
A4_remove_hierarchical_pooling,5,194,51923,0.08493827160493825,0.28,True,,,,,
A2_remove_industry_prior,5,195,51924,0.07629629629629629,0.1833333333333334,True,,,,,
A4_remove_hierarchical_pooling,5,195,51924,0.07629629629629629,0.27999999999999997,True,,,,,
A2_remove_industry_prior,5,196,51925,0.09345679012345678,0.15370370370370373,True,,,,,
A4_remove_hierarchical_pooling,5,196,51925,0.09345679012345678,0.27,True,,,,,
A2_remove_industry_prior,5,197,51926,0.09629629629629634,0.2277777777777778,True,,,,,
A4_remove_hierarchical_pooling,5,197,51926,0.09629629629629634,0.15000000000000002,True,,,,,
A2_remove_industry_prior,5,198,51927,0.108395061728395,0.1388888888888889,True,,,,,
A4_remove_hierarchical_pooling,5,198,51927,0.108395061728395,0.28,True,,,,,
A2_remove_industry_prior,5,199,51928,0.07987654320987661,0.1866666666666667,True,,,,,
A4_remove_hierarchical_pooling,5,199,51928,0.07987654320987661,0.27,True,,,,,
A2_remove_industry_prior,10,0,101729,0.18101851851851852,0.23611111111111116,True,,,,,
A4_remove_hierarchical_pooling,10,0,101729,0.18101851851851852,0.33,True,,,,,
A2_remove_industry_prior,10,1,101730,0.12046296296296304,0.22000000000000003,True,,,,,
A4_remove_hierarchical_pooling,10,1,101730,0.12046296296296304,0.22000000000000003,True,,,,,
A2_remove_industry_prior,10,2,101731,0.05055555555555555,0.05333333333333329,True,,,,,
A4_remove_hierarchical_pooling,10,2,101731,0.05055555555555555,0.25,True,,,,,
A2_remove_industry_prior,10,3,101732,0.13388888888888886,0.20333333333333337,True,,,,,
A4_remove_hierarchical_pooling,10,3,101732,0.13388888888888886,0.22000000000000003,True,,,,,
A2_remove_industry_prior,10,4,101733,0.06074074074074079,0.1144444444444445,True,,,,,
A4_remove_hierarchical_pooling,10,4,101733,0.06074074074074079,0.14999999999999997,True,,,,,
A2_remove_industry_prior,10,5,101734,0.09907407407407409,0.11944444444444449,True,,,,,
A4_remove_hierarchical_pooling,10,5,101734,0.09907407407407409,0.15000000000000002,True,,,,,
A2_remove_industry_prior,10,6,101735,0.13935185185185187,0.08666666666666664,False,,,,,
A4_remove_hierarchical_pooling,10,6,101735,0.13935185185185187,0.35,True,,,,,
A2_remove_industry_prior,10,7,101736,0.05314814814814822,0.12500000000000003,True,,,,,
A4_remove_hierarchical_pooling,10,7,101736,0.05314814814814822,0.07999999999999996,True,,,,,
A2_remove_industry_prior,10,8,101737,0.10240740740740747,0.1644444444444445,True,,,,,
A4_remove_hierarchical_pooling,10,8,101737,0.10240740740740747,0.22000000000000003,True,,,,,
A2_remove_industry_prior,10,9,101738,0.1482407407407408,0.18944444444444447,True,,,,,
A4_remove_hierarchical_pooling,10,9,101738,0.1482407407407408,0.22000000000000003,True,,,,,
A2_remove_industry_prior,10,10,101739,0.21250000000000002,0.325,True,,,,,
A4_remove_hierarchical_pooling,10,10,101739,0.21250000000000002,0.35000000000000003,True,,,,,
A2_remove_industry_prior,10,11,101740,0.1512962962962963,0.2138888888888889,True,,,,,
A4_remove_hierarchical_pooling,10,11,101740,0.1512962962962963,0.22999999999999998,True,,,,,
A2_remove_industry_prior,10,12,101741,0.07953703703703709,0.16111111111111112,True,,,,,
A4_remove_hierarchical_pooling,10,12,101741,0.07953703703703709,0.15000000000000002,True,,,,,
A2_remove_industry_prior,10,13,101742,0.04953703703703699,0.15333333333333335,True,,,,,
A4_remove_hierarchical_pooling,10,13,101742,0.04953703703703699,0.16999999999999998,True,,,,,
A2_remove_industry_prior,10,14,101743,0.11620370370370367,0.03944444444444447,False,,,,,
A4_remove_hierarchical_pooling,10,14,101743,0.11620370370370367,0.25,True,,,,,
A2_remove_industry_prior,10,15,101744,0.07000000000000003,0.12000000000000005,True,,,,,
A4_remove_hierarchical_pooling,10,15,101744,0.07000000000000003,0.06999999999999998,False,,,,,
A2_remove_industry_prior,10,16,101745,0.07537037037037041,0.17500000000000002,True,,,,,
A4_remove_hierarchical_pooling,10,16,101745,0.07537037037037041,0.05000000000000003,False,,,,,
A2_remove_industry_prior,10,17,101746,0.1041666666666666,0.0922222222222222,False,,,,,
A4_remove_hierarchical_pooling,10,17,101746,0.1041666666666666,0.35,True,,,,,
A2_remove_industry_prior,10,18,101747,0.26342592592592595,0.3305555555555556,True,,,,,
A4_remove_hierarchical_pooling,10,18,101747,0.26342592592592595,0.45000000000000007,True,,,,,
A2_remove_industry_prior,10,19,101748,0.12083333333333339,0.17500000000000002,True,,,,,
A4_remove_hierarchical_pooling,10,19,101748,0.12083333333333339,0.15000000000000002,True,,,,,
A2_remove_industry_prior,10,20,101749,0.14629629629629629,0.12833333333333333,False,,,,,
A4_remove_hierarchical_pooling,10,20,101749,0.14629629629629629,0.15000000000000002,True,,,,,
A2_remove_industry_prior,10,21,101750,0.15000000000000002,0.23388888888888892,True,,,,,
A4_remove_hierarchical_pooling,10,21,101750,0.15000000000000002,0.22000000000000003,True,,,,,
A2_remove_industry_prior,10,22,101751,0.0838888888888889,0.1305555555555556,True,,,,,
A4_remove_hierarchical_pooling,10,22,101751,0.0838888888888889,0.12000000000000002,True,,,,,
A2_remove_industry_prior,10,23,101752,0.14768518518518522,0.18611111111111112,True,,,,,
A4_remove_hierarchical_pooling,10,23,101752,0.14768518518518522,0.15000000000000002,True,,,,,
A2_remove_industry_prior,10,24,101753,0.09453703703703703,0.12000000000000004,True,,,,,
A4_remove_hierarchical_pooling,10,24,101753,0.09453703703703703,0.16999999999999998,True,,,,,
A2_remove_industry_prior,10,25,101754,0.12555555555555553,0.15611111111111114,True,,,,,
A4_remove_hierarchical_pooling,10,25,101754,0.12555555555555553,0.26999999999999996,True,,,,,
A2_remove_industry_prior,10,26,101755,0.07370370370370376,0.14222222222222225,True,,,,,
A4_remove_hierarchical_pooling,10,26,101755,0.07370370370370376,0.16999999999999998,True,,,,,
A2_remove_industry_prior,10,27,101756,0.09722222222222224,0.18333333333333335,True,,,,,
A4_remove_hierarchical_pooling,10,27,101756,0.09722222222222224,0.22000000000000003,True,,,,,
A2_remove_industry_prior,10,28,101757,0.09592592592592591,0.06111111111111107,False,,,,,
A4_remove_hierarchical_pooling,10,28,101757,0.09592592592592591,0.25,True,,,,,
A2_remove_industry_prior,10,29,101758,0.13666666666666671,0.27,True,,,,,
A4_remove_hierarchical_pooling,10,29,101758,0.13666666666666671,0.22000000000000003,True,,,,,
A2_remove_industry_prior,10,30,101759,0.05240740740740738,0.1144444444444445,True,,,,,
A4_remove_hierarchical_pooling,10,30,101759,0.05240740740740738,0.16999999999999998,True,,,,,
A2_remove_industry_prior,10,31,101760,0.15222222222222226,0.18055555555555558,True,,,,,
A4_remove_hierarchical_pooling,10,31,101760,0.15222222222222226,0.22999999999999998,True,,,,,
A2_remove_industry_prior,10,32,101761,0.09499999999999997,0.08944444444444449,False,,,,,
A4_remove_hierarchical_pooling,10,32,101761,0.09499999999999997,0.25,True,,,,,
A2_remove_industry_prior,10,33,101762,0.13148148148148148,0.14166666666666666,True,,,,,
A4_remove_hierarchical_pooling,10,33,101762,0.13148148148148148,0.05000000000000003,False,,,,,
A2_remove_industry_prior,10,34,101763,0.10222222222222219,0.13055555555555556,True,,,,,
A4_remove_hierarchical_pooling,10,34,101763,0.10222222222222219,0.13,True,,,,,
A2_remove_industry_prior,10,35,101764,0.15833333333333335,0.21944444444444444,True,,,,,
A4_remove_hierarchical_pooling,10,35,101764,0.15833333333333335,0.25,True,,,,,
A2_remove_industry_prior,10,36,101765,0.13388888888888892,0.20333333333333337,True,,,,,
A4_remove_hierarchical_pooling,10,36,101765,0.13388888888888892,0.22000000000000003,True,,,,,
A2_remove_industry_prior,10,37,101766,0.12138888888888896,0.22222222222222224,True,,,,,
A4_remove_hierarchical_pooling,10,37,101766,0.12138888888888896,0.15000000000000002,True,,,,,
A2_remove_industry_prior,10,38,101767,0.13935185185185184,0.03666666666666662,False,,,,,
A4_remove_hierarchical_pooling,10,38,101767,0.13935185185185184,0.35,True,,,,,
A2_remove_industry_prior,10,39,101768,0.09953703703703709,0.12500000000000006,True,,,,,
A4_remove_hierarchical_pooling,10,39,101768,0.09953703703703709,0.24999999999999994,True,,,,,
A2_remove_industry_prior,10,40,101769,0.16981481481481486,0.2527777777777778,True,,,,,
A4_remove_hierarchical_pooling,10,40,101769,0.16981481481481486,0.33,True,,,,,
A2_remove_industry_prior,10,41,101770,0.12740740740740747,0.21444444444444447,True,,,,,
A4_remove_hierarchical_pooling,10,41,101770,0.12740740740740747,0.16999999999999998,True,,,,,
A2_remove_industry_prior,10,42,101771,0.2180555555555556,0.2755555555555556,True,,,,,
A4_remove_hierarchical_pooling,10,42,101771,0.2180555555555556,0.4,True,,,,,
A2_remove_industry_prior,10,43,101772,0.19259259259259262,0.25888888888888895,True,,,,,
A4_remove_hierarchical_pooling,10,43,101772,0.19259259259259262,0.32000000000000006,True,,,,,
A2_remove_industry_prior,10,44,101773,0.049629629629629614,0.14777777777777784,True,,,,,
A4_remove_hierarchical_pooling,10,44,101773,0.049629629629629614,0.06999999999999998,True,,,,,
A2_remove_industry_prior,10,45,101774,0.08324074074074073,0.05055555555555556,False,,,,,
A4_remove_hierarchical_pooling,10,45,101774,0.08324074074074073,0.25,True,,,,,
A2_remove_industry_prior,10,46,101775,0.07833333333333332,0.12277777777777779,True,,,,,
A4_remove_hierarchical_pooling,10,46,101775,0.07833333333333332,0.16999999999999998,True,,,,,
A2_remove_industry_prior,10,47,101776,0.09444444444444448,0.1666666666666667,True,,,,,
A4_remove_hierarchical_pooling,10,47,101776,0.09444444444444448,0.15000000000000002,True,,,,,
A2_remove_industry_prior,10,48,101777,0.07074074074074077,0.13111111111111112,True,,,,,
A4_remove_hierarchical_pooling,10,48,101777,0.07074074074074077,0.13,True,,,,,
A2_remove_industry_prior,10,49,101778,0.12129629629629626,0.07777777777777778,False,,,,,
A4_remove_hierarchical_pooling,10,49,101778,0.12129629629629626,0.25,True,,,,,
A2_remove_industry_prior,10,50,101779,0.09851851851851852,0.2088888888888889,True,,,,,
A4_remove_hierarchical_pooling,10,50,101779,0.09851851851851852,0.2,True,,,,,
A2_remove_industry_prior,10,51,101780,0.12268518518518515,0.13611111111111113,True,,,,,
A4_remove_hierarchical_pooling,10,51,101780,0.12268518518518515,0.24999999999999994,True,,,,,
A2_remove_industry_prior,10,52,101781,0.11629629629629631,0.15277777777777776,True,,,,,
A4_remove_hierarchical_pooling,10,52,101781,0.11629629629629631,0.12000000000000004,True,,,,,
A2_remove_industry_prior,10,53,101782,0.08009259259259253,0.03111111111111113,False,,,,,
A4_remove_hierarchical_pooling,10,53,101782,0.08009259259259253,0.25,True,,,,,
A2_remove_industry_prior,10,54,101783,0.15981481481481485,0.20888888888888896,True,,,,,
A4_remove_hierarchical_pooling,10,54,101783,0.15981481481481485,0.22000000000000003,True,,,,,
A2_remove_industry_prior,10,55,101784,0.07314814814814818,0.11944444444444448,True,,,,,
A4_remove_hierarchical_pooling,10,55,101784,0.07314814814814818,0.05000000000000003,False,,,,,
A2_remove_industry_prior,10,56,101785,0.16212962962962968,0.22555555555555556,True,,,,,
A4_remove_hierarchical_pooling,10,56,101785,0.16212962962962968,0.32000000000000006,True,,,,,
A2_remove_industry_prior,10,57,101786,0.10425925925925936,0.12555555555555556,True,,,,,
A4_remove_hierarchical_pooling,10,57,101786,0.10425925925925936,0.06999999999999998,False,,,,,
A2_remove_industry_prior,10,58,101787,0.09870370370370371,0.15055555555555564,True,,,,,
A4_remove_hierarchical_pooling,10,58,101787,0.09870370370370371,0.26999999999999996,True,,,,,
A2_remove_industry_prior,10,59,101788,0.01805555555555559,0.10833333333333339,True,,,,,
A4_remove_hierarchical_pooling,10,59,101788,0.01805555555555559,0.07999999999999996,True,,,,,
A2_remove_industry_prior,10,60,101789,0.07222222222222228,0.18333333333333335,True,,,,,
A4_remove_hierarchical_pooling,10,60,101789,0.07222222222222228,0.15000000000000002,True,,,,,
A2_remove_industry_prior,10,61,101790,0.08101851851851855,0.13611111111111113,True,,,,,
A4_remove_hierarchical_pooling,10,61,101790,0.08101851851851855,0.05000000000000003,False,,,,,
A2_remove_industry_prior,10,62,101791,0.17370370370370375,0.24222222222222223,True,,,,,
A4_remove_hierarchical_pooling,10,62,101791,0.17370370370370375,0.22000000000000003,True,,,,,
A2_remove_industry_prior,10,63,101792,0.12453703703703703,0.09999999999999996,False,,,,,
A4_remove_hierarchical_pooling,10,63,101792,0.12453703703703703,0.35,True,,,,,
A2_remove_industry_prior,10,64,101793,0.11333333333333337,0.2416666666666667,True,,,,,
A4_remove_hierarchical_pooling,10,64,101793,0.11333333333333337,0.22999999999999998,True,,,,,
A2_remove_industry_prior,10,65,101794,0.07638888888888887,0.09166666666666667,True,,,,,
A4_remove_hierarchical_pooling,10,65,101794,0.07638888888888887,0.14999999999999997,True,,,,,
A2_remove_industry_prior,10,66,101795,0.10240740740740736,0.09222222222222225,False,,,,,
A4_remove_hierarchical_pooling,10,66,101795,0.10240740740740736,0.27,True,,,,,
A2_remove_industry_prior,10,67,101796,0.08287037037037039,0.045000000000000005,False,,,,,
A4_remove_hierarchical_pooling,10,67,101796,0.08287037037037039,0.25,True,,,,,
A2_remove_industry_prior,10,68,101797,0.16157407407407406,0.2694444444444445,True,,,,,
A4_remove_hierarchical_pooling,10,68,101797,0.16157407407407406,0.25,True,,,,,
A2_remove_industry_prior,10,69,101798,0.20148148148148154,0.30888888888888894,True,,,,,
A4_remove_hierarchical_pooling,10,69,101798,0.20148148148148154,0.32000000000000006,True,,,,,
A2_remove_industry_prior,10,70,101799,0.1005555555555556,0.15833333333333333,True,,,,,
A4_remove_hierarchical_pooling,10,70,101799,0.1005555555555556,0.12000000000000004,True,,,,,
A2_remove_industry_prior,10,71,101800,0.011203703703703764,0.08111111111111116,True,,,,,
A4_remove_hierarchical_pooling,10,71,101800,0.011203703703703764,0.06999999999999998,True,,,,,
A2_remove_industry_prior,10,72,101801,0.08694444444444449,0.09166666666666667,True,,,,,
A4_remove_hierarchical_pooling,10,72,101801,0.08694444444444449,0.07999999999999996,False,,,,,
A2_remove_industry_prior,10,73,101802,0.11657407407407411,0.22222222222222227,True,,,,,
A4_remove_hierarchical_pooling,10,73,101802,0.11657407407407411,0.23000000000000004,True,,,,,
A2_remove_industry_prior,10,74,101803,0.06296296296296297,0.04777777777777781,False,,,,,
A4_remove_hierarchical_pooling,10,74,101803,0.06296296296296297,0.14999999999999997,True,,,,,
A2_remove_industry_prior,10,75,101804,0.23148148148148145,0.3027777777777778,True,,,,,
A4_remove_hierarchical_pooling,10,75,101804,0.23148148148148145,0.35000000000000003,True,,,,,
A2_remove_industry_prior,10,76,101805,0.09768518518518524,0.175,True,,,,,
A4_remove_hierarchical_pooling,10,76,101805,0.09768518518518524,0.2,True,,,,,
A2_remove_industry_prior,10,77,101806,0.15462962962962967,0.20277777777777778,True,,,,,
A4_remove_hierarchical_pooling,10,77,101806,0.15462962962962967,0.22000000000000003,True,,,,,
A2_remove_industry_prior,10,78,101807,0.08759259259259261,0.17555555555555558,True,,,,,
A4_remove_hierarchical_pooling,10,78,101807,0.08759259259259261,0.12000000000000004,True,,,,,
A2_remove_industry_prior,10,79,101808,0.11444444444444452,0.18666666666666668,True,,,,,
A4_remove_hierarchical_pooling,10,79,101808,0.11444444444444452,0.22000000000000003,True,,,,,
A2_remove_industry_prior,10,80,101809,0.031018518518518542,0.13611111111111113,True,,,,,
A4_remove_hierarchical_pooling,10,80,101809,0.031018518518518542,0.07999999999999996,True,,,,,
A2_remove_industry_prior,10,81,101810,0.12046296296296302,0.18333333333333335,True,,,,,
A4_remove_hierarchical_pooling,10,81,101810,0.12046296296296302,0.15000000000000002,True,,,,,
A2_remove_industry_prior,10,82,101811,0.12685185185185188,0.16111111111111112,True,,,,,
A4_remove_hierarchical_pooling,10,82,101811,0.12685185185185188,0.15000000000000002,True,,,,,
A2_remove_industry_prior,10,83,101812,0.04870370370370372,0.14222222222222228,True,,,,,
A4_remove_hierarchical_pooling,10,83,101812,0.04870370370370372,0.24999999999999994,True,,,,,
A2_remove_industry_prior,10,84,101813,0.14250000000000002,0.16666666666666669,True,,,,,
A4_remove_hierarchical_pooling,10,84,101813,0.14250000000000002,0.23000000000000004,True,,,,,
A2_remove_industry_prior,10,85,101814,0.10231481481481486,0.06999999999999998,False,,,,,
A4_remove_hierarchical_pooling,10,85,101814,0.10231481481481486,0.25,True,,,,,
A2_remove_industry_prior,10,86,101815,0.047685185185185226,0.18611111111111112,True,,,,,
A4_remove_hierarchical_pooling,10,86,101815,0.047685185185185226,0.15000000000000002,True,,,,,
A2_remove_industry_prior,10,87,101816,0.08657407407407405,0.08944444444444447,True,,,,,
A4_remove_hierarchical_pooling,10,87,101816,0.08657407407407405,0.25,True,,,,,
A2_remove_industry_prior,10,88,101817,0.12972222222222227,0.22833333333333336,True,,,,,
A4_remove_hierarchical_pooling,10,88,101817,0.12972222222222227,0.32,True,,,,,
A2_remove_industry_prior,10,89,101818,0.11018518518518522,0.2416666666666667,True,,,,,
A4_remove_hierarchical_pooling,10,89,101818,0.11018518518518522,0.25,True,,,,,
A2_remove_industry_prior,10,90,101819,0.11444444444444445,0.1866666666666667,True,,,,,
A4_remove_hierarchical_pooling,10,90,101819,0.11444444444444445,0.2,True,,,,,
A2_remove_industry_prior,10,91,101820,0.0838888888888889,0.13111111111111115,True,,,,,
A4_remove_hierarchical_pooling,10,91,101820,0.0838888888888889,0.16999999999999998,True,,,,,
A2_remove_industry_prior,10,92,101821,0.09537037037037036,0.17222222222222222,True,,,,,
A4_remove_hierarchical_pooling,10,92,101821,0.09537037037037036,0.15000000000000002,True,,,,,
A2_remove_industry_prior,10,93,101822,0.09944444444444439,0.046666666666666606,False,,,,,
A4_remove_hierarchical_pooling,10,93,101822,0.09944444444444439,0.28,True,,,,,
A2_remove_industry_prior,10,94,101823,0.09731481481481485,0.22555555555555556,True,,,,,
A4_remove_hierarchical_pooling,10,94,101823,0.09731481481481485,0.12000000000000002,True,,,,,
A2_remove_industry_prior,10,95,101824,0.13101851851851848,0.10888888888888884,False,,,,,
A4_remove_hierarchical_pooling,10,95,101824,0.13101851851851848,0.35,True,,,,,
A2_remove_industry_prior,10,96,101825,0.21425925925925926,0.23611111111111113,True,,,,,
A4_remove_hierarchical_pooling,10,96,101825,0.21425925925925926,0.33000000000000007,True,,,,,
A2_remove_industry_prior,10,97,101826,0.13240740740740742,0.09444444444444448,False,,,,,
A4_remove_hierarchical_pooling,10,97,101826,0.13240740740740742,0.09999999999999998,False,,,,,
A2_remove_industry_prior,10,98,101827,0.12777777777777782,0.15833333333333333,True,,,,,
A4_remove_hierarchical_pooling,10,98,101827,0.12777777777777782,0.13,True,,,,,
A2_remove_industry_prior,10,99,101828,0.01851851851851854,0.16388888888888892,True,,,,,
A4_remove_hierarchical_pooling,10,99,101828,0.01851851851851854,0.05000000000000003,True,,,,,
A2_remove_industry_prior,10,100,101829,0.09675925925925924,0.06444444444444448,False,,,,,
A4_remove_hierarchical_pooling,10,100,101829,0.09675925925925924,0.25,True,,,,,
A2_remove_industry_prior,10,101,101830,0.09768518518518515,0.09444444444444451,False,,,,,
A4_remove_hierarchical_pooling,10,101,101830,0.09768518518518515,0.17999999999999994,True,,,,,
A2_remove_industry_prior,10,102,101831,0.0471296296296296,0.041111111111111084,False,,,,,
A4_remove_hierarchical_pooling,10,102,101831,0.0471296296296296,0.17999999999999994,True,,,,,
A2_remove_industry_prior,10,103,101832,0.01953703703703702,0.11444444444444449,True,,,,,
A4_remove_hierarchical_pooling,10,103,101832,0.01953703703703702,0.16999999999999998,True,,,,,
A2_remove_industry_prior,10,104,101833,0.08740740740740738,0.11611111111111111,True,,,,,
A4_remove_hierarchical_pooling,10,104,101833,0.08740740740740738,0.2799999999999999,True,,,,,
A2_remove_industry_prior,10,105,101834,0.13018518518518518,0.18111111111111114,True,,,,,
A4_remove_hierarchical_pooling,10,105,101834,0.13018518518518518,0.12000000000000004,False,,,,,
A2_remove_industry_prior,10,106,101835,0.04620370370370373,0.08111111111111119,True,,,,,
A4_remove_hierarchical_pooling,10,106,101835,0.04620370370370373,0.14999999999999997,True,,,,,
A2_remove_industry_prior,10,107,101836,0.07185185185185186,0.13055555555555556,True,,,,,
A4_remove_hierarchical_pooling,10,107,101836,0.07185185185185186,0.05000000000000003,False,,,,,
A2_remove_industry_prior,10,108,101837,0.17324074074074078,0.1894444444444445,True,,,,,
A4_remove_hierarchical_pooling,10,108,101837,0.17324074074074078,0.27,True,,,,,
A2_remove_industry_prior,10,109,101838,0.26722222222222225,0.31388888888888894,True,,,,,
A4_remove_hierarchical_pooling,10,109,101838,0.26722222222222225,0.42000000000000004,True,,,,,
A2_remove_industry_prior,10,110,101839,0.07916666666666669,0.17500000000000002,True,,,,,
A4_remove_hierarchical_pooling,10,110,101839,0.07916666666666669,0.13,True,,,,,
A2_remove_industry_prior,10,111,101840,0.03333333333333335,0.05000000000000002,True,,,,,
A4_remove_hierarchical_pooling,10,111,101840,0.03333333333333335,0.17999999999999994,True,,,,,
A2_remove_industry_prior,10,112,101841,0.06907407407407405,0.08944444444444449,True,,,,,
A4_remove_hierarchical_pooling,10,112,101841,0.06907407407407405,0.16999999999999998,True,,,,,
A2_remove_industry_prior,10,113,101842,0.1036111111111111,0.10222222222222223,False,,,,,
A4_remove_hierarchical_pooling,10,113,101842,0.1036111111111111,0.17999999999999994,True,,,,,
A2_remove_industry_prior,10,114,101843,0.11333333333333329,0.02999999999999995,False,,,,,
A4_remove_hierarchical_pooling,10,114,101843,0.11333333333333329,0.35,True,,,,,
A2_remove_industry_prior,10,115,101844,0.09527777777777777,0.1355555555555556,True,,,,,
A4_remove_hierarchical_pooling,10,115,101844,0.09527777777777777,0.17999999999999994,True,,,,,
A2_remove_industry_prior,10,116,101845,0.1509259259259259,0.08111111111111116,False,,,,,
A4_remove_hierarchical_pooling,10,116,101845,0.1509259259259259,0.35,True,,,,,
A2_remove_industry_prior,10,117,101846,0.14638888888888893,0.18666666666666668,True,,,,,
A4_remove_hierarchical_pooling,10,117,101846,0.14638888888888893,0.22000000000000003,True,,,,,
A2_remove_industry_prior,10,118,101847,0.17361111111111113,0.09999999999999995,False,,,,,
A4_remove_hierarchical_pooling,10,118,101847,0.17361111111111113,0.35,True,,,,,
A2_remove_industry_prior,10,119,101848,0.10222222222222219,0.03611111111111106,False,,,,,
A4_remove_hierarchical_pooling,10,119,101848,0.10222222222222219,0.25,True,,,,,
A2_remove_industry_prior,10,120,101849,0.09907407407407413,0.19444444444444448,True,,,,,
A4_remove_hierarchical_pooling,10,120,101849,0.09907407407407413,0.15000000000000002,True,,,,,
A2_remove_industry_prior,10,121,101850,0.10555555555555557,0.18333333333333338,True,,,,,
A4_remove_hierarchical_pooling,10,121,101850,0.10555555555555557,0.15000000000000002,True,,,,,
A2_remove_industry_prior,10,122,101851,0.21342592592592594,0.2811111111111111,True,,,,,
A4_remove_hierarchical_pooling,10,122,101851,0.21342592592592594,0.35,True,,,,,
A2_remove_industry_prior,10,123,101852,0.11851851851851852,0.11388888888888894,False,,,,,
A4_remove_hierarchical_pooling,10,123,101852,0.11851851851851852,0.17999999999999994,True,,,,,
A2_remove_industry_prior,10,124,101853,0.02870370370370371,0.08111111111111116,True,,,,,
A4_remove_hierarchical_pooling,10,124,101853,0.02870370370370371,0.14999999999999997,True,,,,,
A2_remove_industry_prior,10,125,101854,0.08092592592592593,0.13555555555555554,True,,,,,
A4_remove_hierarchical_pooling,10,125,101854,0.08092592592592593,0.17999999999999997,True,,,,,
A2_remove_industry_prior,10,126,101855,0.08101851851851853,0.2361111111111111,True,,,,,
A4_remove_hierarchical_pooling,10,126,101855,0.08101851851851853,0.15000000000000002,True,,,,,
A2_remove_industry_prior,10,127,101856,0.187962962962963,0.2777777777777778,True,,,,,
A4_remove_hierarchical_pooling,10,127,101856,0.187962962962963,0.35000000000000003,True,,,,,
A2_remove_industry_prior,10,128,101857,0.08435185185185184,0.17555555555555558,True,,,,,
A4_remove_hierarchical_pooling,10,128,101857,0.08435185185185184,0.16999999999999998,True,,,,,
A2_remove_industry_prior,10,129,101858,0.09481481481481484,0.1188888888888889,True,,,,,
A4_remove_hierarchical_pooling,10,129,101858,0.09481481481481484,0.17999999999999997,True,,,,,
A2_remove_industry_prior,10,130,101859,0.11703703703703704,0.041111111111111105,False,,,,,
A4_remove_hierarchical_pooling,10,130,101859,0.11703703703703704,0.28,True,,,,,
A2_remove_industry_prior,10,131,101860,0.14629629629629629,0.25833333333333336,True,,,,,
A4_remove_hierarchical_pooling,10,131,101860,0.14629629629629629,0.25,True,,,,,
A2_remove_industry_prior,10,132,101861,0.0438888888888889,0.10277777777777777,True,,,,,
A4_remove_hierarchical_pooling,10,132,101861,0.0438888888888889,0.07999999999999996,True,,,,,
A2_remove_industry_prior,10,133,101862,0.058425925925926006,0.19166666666666665,True,,,,,
A4_remove_hierarchical_pooling,10,133,101862,0.058425925925926006,0.05000000000000003,False,,,,,
A2_remove_industry_prior,10,134,101863,0.057407407407407386,0.19444444444444445,True,,,,,
A4_remove_hierarchical_pooling,10,134,101863,0.057407407407407386,0.09999999999999998,True,,,,,
A2_remove_industry_prior,10,135,101864,0.06805555555555554,0.14500000000000007,True,,,,,
A4_remove_hierarchical_pooling,10,135,101864,0.06805555555555554,0.16999999999999998,True,,,,,
A2_remove_industry_prior,10,136,101865,0.2,0.20000000000000007,True,,,,,
A4_remove_hierarchical_pooling,10,136,101865,0.2,0.25,True,,,,,
A2_remove_industry_prior,10,137,101866,0.10222222222222217,0.09444444444444447,False,,,,,
A4_remove_hierarchical_pooling,10,137,101866,0.10222222222222217,0.17999999999999994,True,,,,,
A2_remove_industry_prior,10,138,101867,0.028611111111111066,0.13055555555555554,True,,,,,
A4_remove_hierarchical_pooling,10,138,101867,0.028611111111111066,0.07999999999999996,True,,,,,
A2_remove_industry_prior,10,139,101868,0.2152777777777778,0.2916666666666667,True,,,,,
A4_remove_hierarchical_pooling,10,139,101868,0.2152777777777778,0.35000000000000003,True,,,,,
A2_remove_industry_prior,10,140,101869,0.1341666666666667,0.15500000000000005,True,,,,,
A4_remove_hierarchical_pooling,10,140,101869,0.1341666666666667,0.27999999999999997,True,,,,,
A2_remove_industry_prior,10,141,101870,0.15972222222222224,0.2583333333333334,True,,,,,
A4_remove_hierarchical_pooling,10,141,101870,0.15972222222222224,0.25,True,,,,,
A2_remove_industry_prior,10,142,101871,0.07185185185185189,0.13111111111111115,True,,,,,
A4_remove_hierarchical_pooling,10,142,101871,0.07185185185185189,0.06999999999999998,False,,,,,
A2_remove_industry_prior,10,143,101872,0.0638888888888889,0.13333333333333336,True,,,,,
A4_remove_hierarchical_pooling,10,143,101872,0.0638888888888889,0.09999999999999998,True,,,,,
A2_remove_industry_prior,10,144,101873,0.21333333333333337,0.16944444444444448,False,,,,,
A4_remove_hierarchical_pooling,10,144,101873,0.21333333333333337,0.22999999999999998,True,,,,,
A2_remove_industry_prior,10,145,101874,0.0814814814814815,0.1888888888888889,True,,,,,
A4_remove_hierarchical_pooling,10,145,101874,0.0814814814814815,0.15000000000000002,True,,,,,
A2_remove_industry_prior,10,146,101875,0.08981481481481485,0.13888888888888895,True,,,,,
A4_remove_hierarchical_pooling,10,146,101875,0.08981481481481485,0.09999999999999998,True,,,,,
A2_remove_industry_prior,10,147,101876,0.18092592592592593,0.2194444444444445,True,,,,,
A4_remove_hierarchical_pooling,10,147,101876,0.18092592592592593,0.22999999999999998,True,,,,,
A2_remove_industry_prior,10,148,101877,0.04990740740740741,0.08333333333333337,True,,,,,
A4_remove_hierarchical_pooling,10,148,101877,0.04990740740740741,0.17999999999999994,True,,,,,
A2_remove_industry_prior,10,149,101878,0.1481481481481481,0.23888888888888887,True,,,,,
A4_remove_hierarchical_pooling,10,149,101878,0.1481481481481481,0.25,True,,,,,
A2_remove_industry_prior,10,150,101879,0.09944444444444443,0.04444444444444447,False,,,,,
A4_remove_hierarchical_pooling,10,150,101879,0.09944444444444443,0.17999999999999994,True,,,,,
A2_remove_industry_prior,10,151,101880,0.14481481481481479,0.04444444444444448,False,,,,,
A4_remove_hierarchical_pooling,10,151,101880,0.14481481481481479,0.28,True,,,,,
A2_remove_industry_prior,10,152,101881,0.05092592592592596,0.15555555555555559,True,,,,,
A4_remove_hierarchical_pooling,10,152,101881,0.05092592592592596,0.09999999999999998,True,,,,,
A2_remove_industry_prior,10,153,101882,0.079537037037037,0.0633333333333333,False,,,,,
A4_remove_hierarchical_pooling,10,153,101882,0.079537037037037,0.17999999999999994,True,,,,,
A2_remove_industry_prior,10,154,101883,0.10925925925925925,0.10555555555555554,False,,,,,
A4_remove_hierarchical_pooling,10,154,101883,0.10925925925925925,0.35,True,,,,,
A2_remove_industry_prior,10,155,101884,0.10425925925925932,0.20833333333333337,True,,,,,
A4_remove_hierarchical_pooling,10,155,101884,0.10425925925925932,0.05000000000000003,False,,,,,
A2_remove_industry_prior,10,156,101885,0.08370370370370371,0.1588888888888889,True,,,,,
A4_remove_hierarchical_pooling,10,156,101885,0.08370370370370371,0.14999999999999997,True,,,,,
A2_remove_industry_prior,10,157,101886,0.05046296296296301,0.10277777777777777,True,,,,,
A4_remove_hierarchical_pooling,10,157,101886,0.05046296296296301,0.06999999999999998,True,,,,,
A2_remove_industry_prior,10,158,101887,0.1411111111111111,0.15500000000000005,True,,,,,
A4_remove_hierarchical_pooling,10,158,101887,0.1411111111111111,0.27999999999999997,True,,,,,
A2_remove_industry_prior,10,159,101888,0.13240740740740745,0.22500000000000003,True,,,,,
A4_remove_hierarchical_pooling,10,159,101888,0.13240740740740745,0.15000000000000002,True,,,,,
A2_remove_industry_prior,10,160,101889,0.11796296296296302,0.2472222222222223,True,,,,,
A4_remove_hierarchical_pooling,10,160,101889,0.11796296296296302,0.22999999999999998,True,,,,,
A2_remove_industry_prior,10,161,101890,0.14490740740740743,0.21944444444444444,True,,,,,
A4_remove_hierarchical_pooling,10,161,101890,0.14490740740740743,0.15000000000000002,True,,,,,
A2_remove_industry_prior,10,162,101891,0.04018518518518516,0.09722222222222224,True,,,,,
A4_remove_hierarchical_pooling,10,162,101891,0.04018518518518516,0.07999999999999996,True,,,,,
A2_remove_industry_prior,10,163,101892,0.05129629629629629,0.19722222222222227,True,,,,,
A4_remove_hierarchical_pooling,10,163,101892,0.05129629629629629,0.05000000000000003,False,,,,,
A2_remove_industry_prior,10,164,101893,0.07722222222222216,0.018888888888888872,False,,,,,
A4_remove_hierarchical_pooling,10,164,101893,0.07722222222222216,0.17999999999999994,True,,,,,
A2_remove_industry_prior,10,165,101894,0.1337962962962963,0.25277777777777777,True,,,,,
A4_remove_hierarchical_pooling,10,165,101894,0.1337962962962963,0.23,True,,,,,
A2_remove_industry_prior,10,166,101895,0.15888888888888886,0.20333333333333337,True,,,,,
A4_remove_hierarchical_pooling,10,166,101895,0.15888888888888886,0.22000000000000003,True,,,,,
A2_remove_industry_prior,10,167,101896,0.004629629629629664,0.10277777777777779,True,,,,,
A4_remove_hierarchical_pooling,10,167,101896,0.004629629629629664,0.07999999999999996,True,,,,,
A2_remove_industry_prior,10,168,101897,0.0741666666666666,0.19222222222222224,True,,,,,
A4_remove_hierarchical_pooling,10,168,101897,0.0741666666666666,0.16999999999999998,True,,,,,
A2_remove_industry_prior,10,169,101898,0.07175925925925919,0.10611111111111114,True,,,,,
A4_remove_hierarchical_pooling,10,169,101898,0.07175925925925919,0.09999999999999998,True,,,,,
A2_remove_industry_prior,10,170,101899,0.09037037037037032,0.10888888888888892,True,,,,,
A4_remove_hierarchical_pooling,10,170,101899,0.09037037037037032,0.16999999999999998,True,,,,,
A2_remove_industry_prior,10,171,101900,0.11074074074074071,0.1644444444444445,True,,,,,
A4_remove_hierarchical_pooling,10,171,101900,0.11074074074074071,0.06999999999999998,False,,,,,
A2_remove_industry_prior,10,172,101901,0.08935185185185188,0.09444444444444451,True,,,,,
A4_remove_hierarchical_pooling,10,172,101901,0.08935185185185188,0.17999999999999994,True,,,,,
A2_remove_industry_prior,10,173,101902,0.14666666666666667,0.18000000000000002,True,,,,,
A4_remove_hierarchical_pooling,10,173,101902,0.14666666666666667,0.23,True,,,,,
A2_remove_industry_prior,10,174,101903,0.04222222222222226,0.15333333333333335,True,,,,,
A4_remove_hierarchical_pooling,10,174,101903,0.04222222222222226,0.06999999999999998,True,,,,,
A2_remove_industry_prior,10,175,101904,0.175,0.25,True,,,,,
A4_remove_hierarchical_pooling,10,175,101904,0.175,0.25,True,,,,,
A2_remove_industry_prior,10,176,101905,0.07870370370370368,0.12222222222222223,True,,,,,
A4_remove_hierarchical_pooling,10,176,101905,0.07870370370370368,0.09999999999999998,True,,,,,
A2_remove_industry_prior,10,177,101906,0.09064814814814816,0.2055555555555556,True,,,,,
A4_remove_hierarchical_pooling,10,177,101906,0.09064814814814816,0.15000000000000002,True,,,,,
A2_remove_industry_prior,10,178,101907,0.11953703703703704,0.16722222222222227,True,,,,,
A4_remove_hierarchical_pooling,10,178,101907,0.11953703703703704,0.16999999999999998,True,,,,,
A2_remove_industry_prior,10,179,101908,0.1477777777777778,0.1616666666666667,True,,,,,
A4_remove_hierarchical_pooling,10,179,101908,0.1477777777777778,0.27,True,,,,,
A2_remove_industry_prior,10,180,101909,0.1070370370370371,0.24222222222222223,True,,,,,
A4_remove_hierarchical_pooling,10,180,101909,0.1070370370370371,0.16999999999999998,True,,,,,
A2_remove_industry_prior,10,181,101910,0.13342592592592595,0.16444444444444448,True,,,,,
A4_remove_hierarchical_pooling,10,181,101910,0.13342592592592595,0.22000000000000003,True,,,,,
A2_remove_industry_prior,10,182,101911,0.09361111111111114,0.125,True,,,,,
A4_remove_hierarchical_pooling,10,182,101911,0.09361111111111114,0.16999999999999998,True,,,,,
A2_remove_industry_prior,10,183,101912,0.11296296296296297,0.25277777777777777,True,,,,,
A4_remove_hierarchical_pooling,10,183,101912,0.11296296296296297,0.15000000000000002,True,,,,,
A2_remove_industry_prior,10,184,101913,0.11018518518518519,0.16111111111111112,True,,,,,
A4_remove_hierarchical_pooling,10,184,101913,0.11018518518518519,0.23000000000000004,True,,,,,
A2_remove_industry_prior,10,185,101914,0.10694444444444443,0.04500000000000006,False,,,,,
A4_remove_hierarchical_pooling,10,185,101914,0.10694444444444443,0.25,True,,,,,
A2_remove_industry_prior,10,186,101915,0.0866666666666667,0.17,True,,,,,
A4_remove_hierarchical_pooling,10,186,101915,0.0866666666666667,0.12000000000000004,True,,,,,
A2_remove_industry_prior,10,187,101916,0.10796296296296294,0.09777777777777774,False,,,,,
A4_remove_hierarchical_pooling,10,187,101916,0.10796296296296294,0.27,True,,,,,
A2_remove_industry_prior,10,188,101917,0.22870370370370371,0.28611111111111115,True,,,,,
A4_remove_hierarchical_pooling,10,188,101917,0.22870370370370371,0.35000000000000003,True,,,,,
A2_remove_industry_prior,10,189,101918,0.032962962962962986,0.1088888888888889,True,,,,,
A4_remove_hierarchical_pooling,10,189,101918,0.032962962962962986,0.14999999999999997,True,,,,,
A2_remove_industry_prior,10,190,101919,0.10777777777777772,0.1333333333333334,True,,,,,
A4_remove_hierarchical_pooling,10,190,101919,0.10777777777777772,0.17999999999999994,True,,,,,
A2_remove_industry_prior,10,191,101920,0.0425925925925926,0.12833333333333333,True,,,,,
A4_remove_hierarchical_pooling,10,191,101920,0.0425925925925926,0.16999999999999998,True,,,,,
A2_remove_industry_prior,10,192,101921,0.06388888888888891,0.1527777777777778,True,,,,,
A4_remove_hierarchical_pooling,10,192,101921,0.06388888888888891,0.07999999999999996,True,,,,,
A2_remove_industry_prior,10,193,101922,0.1773148148148148,0.2666666666666667,True,,,,,
A4_remove_hierarchical_pooling,10,193,101922,0.1773148148148148,0.25,True,,,,,
A2_remove_industry_prior,10,194,101923,0.12222222222222227,0.225,True,,,,,
A4_remove_hierarchical_pooling,10,194,101923,0.12222222222222227,0.15000000000000002,True,,,,,
A2_remove_industry_prior,10,195,101924,0.2665740740740741,0.2688888888888889,True,,,,,
A4_remove_hierarchical_pooling,10,195,101924,0.2665740740740741,0.43,True,,,,,
A2_remove_industry_prior,10,196,101925,0.052407407407407416,0.11444444444444446,True,,,,,
A4_remove_hierarchical_pooling,10,196,101925,0.052407407407407416,0.14999999999999997,True,,,,,
A2_remove_industry_prior,10,197,101926,0.061111111111111144,0.0644444444444445,True,,,,,
A4_remove_hierarchical_pooling,10,197,101926,0.061111111111111144,0.14999999999999997,True,,,,,
A2_remove_industry_prior,10,198,101927,0.14074074074074078,0.22500000000000003,True,,,,,
A4_remove_hierarchical_pooling,10,198,101927,0.14074074074074078,0.15000000000000002,True,,,,,
A2_remove_industry_prior,10,199,101928,0.11055555555555559,0.18055555555555558,True,,,,,
A4_remove_hierarchical_pooling,10,199,101928,0.11055555555555559,0.13,True,,,,,
A2_remove_industry_prior,20,0,201729,0.05456790123456787,0.04407407407407408,False,,,,,
A4_remove_hierarchical_pooling,20,0,201729,0.05456790123456787,0.1,True,,,,,
A2_remove_industry_prior,20,1,201730,0.1098765432098765,0.11259259259259258,True,,,,,
A4_remove_hierarchical_pooling,20,1,201730,0.1098765432098765,0.19999999999999998,True,,,,,
A2_remove_industry_prior,20,2,201731,0.03617283950617283,0.09074074074074073,True,,,,,
A4_remove_hierarchical_pooling,20,2,201731,0.03617283950617283,0.07999999999999996,True,,,,,
A2_remove_industry_prior,20,3,201732,0.08672839506172839,0.037037037037037014,False,,,,,
A4_remove_hierarchical_pooling,20,3,201732,0.08672839506172839,0.19999999999999998,True,,,,,
A2_remove_industry_prior,20,4,201733,0.06765432098765434,0.03925925925925923,False,,,,,
A4_remove_hierarchical_pooling,20,4,201733,0.06765432098765434,0.14999999999999997,True,,,,,
A2_remove_industry_prior,20,5,201734,0.045432098765432076,0.07037037037037039,True,,,,,
A4_remove_hierarchical_pooling,20,5,201734,0.045432098765432076,0.07999999999999996,True,,,,,
A2_remove_industry_prior,20,6,201735,0.05901234567901231,0.10407407407407408,True,,,,,
A4_remove_hierarchical_pooling,20,6,201735,0.05901234567901231,0.07999999999999999,True,,,,,
A2_remove_industry_prior,20,7,201736,0.03617283950617279,0.022592592592592595,False,,,,,
A4_remove_hierarchical_pooling,20,7,201736,0.03617283950617279,0.09999999999999999,True,,,,,
A2_remove_industry_prior,20,8,201737,0.07382716049382712,0.04481481481481483,False,,,,,
A4_remove_hierarchical_pooling,20,8,201737,0.07382716049382712,0.12999999999999998,True,,,,,
A2_remove_industry_prior,20,9,201738,0.06641975308641976,0.12962962962962968,True,,,,,
A4_remove_hierarchical_pooling,20,9,201738,0.06641975308641976,0.08000000000000002,True,,,,,
A2_remove_industry_prior,20,10,201739,0.1719135802469136,0.22740740740740742,True,,,,,
A4_remove_hierarchical_pooling,20,10,201739,0.1719135802469136,0.22000000000000003,True,,,,,
A2_remove_industry_prior,20,11,201740,0.15839506172839507,0.20370370370370372,True,,,,,
A4_remove_hierarchical_pooling,20,11,201740,0.15839506172839507,0.18,True,,,,,
A2_remove_industry_prior,20,12,201741,0.08641975308641975,0.04851851851851849,False,,,,,
A4_remove_hierarchical_pooling,20,12,201741,0.08641975308641975,0.14999999999999997,True,,,,,
A2_remove_industry_prior,20,13,201742,0.1330864197530864,0.1962962962962963,True,,,,,
A4_remove_hierarchical_pooling,20,13,201742,0.1330864197530864,0.18,True,,,,,
A2_remove_industry_prior,20,14,201743,0.06259259259259259,0.07555555555555557,True,,,,,
A4_remove_hierarchical_pooling,20,14,201743,0.06259259259259259,0.06999999999999998,True,,,,,
A2_remove_industry_prior,20,15,201744,0.125679012345679,0.12074074074074073,False,,,,,
A4_remove_hierarchical_pooling,20,15,201744,0.125679012345679,0.22999999999999995,True,,,,,
A2_remove_industry_prior,20,16,201745,0.08462962962962958,0.07444444444444444,False,,,,,
A4_remove_hierarchical_pooling,20,16,201745,0.08462962962962958,0.12999999999999995,True,,,,,
A2_remove_industry_prior,20,17,201746,0.04320987654320988,0.10925925925925928,True,,,,,
A4_remove_hierarchical_pooling,20,17,201746,0.04320987654320988,0.07,True,,,,,
A2_remove_industry_prior,20,18,201747,0.06388888888888887,0.012962962962962968,False,,,,,
A4_remove_hierarchical_pooling,20,18,201747,0.06388888888888887,0.09999999999999999,True,,,,,
A2_remove_industry_prior,20,19,201748,0.09574074074074074,0.18703703703703703,True,,,,,
A4_remove_hierarchical_pooling,20,19,201748,0.09574074074074074,0.13,True,,,,,
A2_remove_industry_prior,20,20,201749,0.032160493827160505,0.09074074074074076,True,,,,,
A4_remove_hierarchical_pooling,20,20,201749,0.032160493827160505,0.07999999999999996,True,,,,,
A2_remove_industry_prior,20,21,201750,0.12956790123456785,0.13481481481481483,True,,,,,
A4_remove_hierarchical_pooling,20,21,201750,0.12956790123456785,0.16999999999999998,True,,,,,
A2_remove_industry_prior,20,22,201751,0.0799382716049383,0.12962962962962965,True,,,,,
A4_remove_hierarchical_pooling,20,22,201751,0.0799382716049383,0.08000000000000002,True,,,,,
A2_remove_industry_prior,20,23,201752,0.09901234567901232,0.10703703703703707,True,,,,,
A4_remove_hierarchical_pooling,20,23,201752,0.09901234567901232,0.11999999999999998,True,,,,,
A2_remove_industry_prior,20,24,201753,0.10271604938271599,0.03296296296296291,False,,,,,
A4_remove_hierarchical_pooling,20,24,201753,0.10271604938271599,0.14999999999999997,True,,,,,
A2_remove_industry_prior,20,25,201754,0.06944444444444448,0.09222222222222227,True,,,,,
A4_remove_hierarchical_pooling,20,25,201754,0.06944444444444448,0.12000000000000001,True,,,,,
A2_remove_industry_prior,20,26,201755,0.08185185185185187,0.10777777777777778,True,,,,,
A4_remove_hierarchical_pooling,20,26,201755,0.08185185185185187,0.17999999999999994,True,,,,,
A2_remove_industry_prior,20,27,201756,0.06728395061728398,0.09629629629629632,True,,,,,
A4_remove_hierarchical_pooling,20,27,201756,0.06728395061728398,0.03,False,,,,,
A2_remove_industry_prior,20,28,201757,0.08333333333333331,0.08333333333333334,True,,,,,
A4_remove_hierarchical_pooling,20,28,201757,0.08333333333333331,0.10000000000000003,True,,,,,
A2_remove_industry_prior,20,29,201758,0.05395061728395064,0.05888888888888894,True,,,,,
A4_remove_hierarchical_pooling,20,29,201758,0.05395061728395064,0.12,True,,,,,
A2_remove_industry_prior,20,30,201759,0.11296296296296297,0.16111111111111115,True,,,,,
A4_remove_hierarchical_pooling,20,30,201759,0.11296296296296297,0.15000000000000002,True,,,,,
A2_remove_industry_prior,20,31,201760,0.11629629629629634,0.13111111111111118,True,,,,,
A4_remove_hierarchical_pooling,20,31,201760,0.11629629629629634,0.16999999999999998,True,,,,,
A2_remove_industry_prior,20,32,201761,0.13358024691358028,0.17777777777777776,True,,,,,
A4_remove_hierarchical_pooling,20,32,201761,0.13358024691358028,0.12000000000000002,False,,,,,
A2_remove_industry_prior,20,33,201762,0.15185185185185182,0.10148148148148146,False,,,,,
A4_remove_hierarchical_pooling,20,33,201762,0.15185185185185182,0.24999999999999997,True,,,,,
A2_remove_industry_prior,20,34,201763,0.07462962962962962,0.1385185185185185,True,,,,,
A4_remove_hierarchical_pooling,20,34,201763,0.07462962962962962,0.16999999999999998,True,,,,,
A2_remove_industry_prior,20,35,201764,0.037716049382716,0.09629629629629632,True,,,,,
A4_remove_hierarchical_pooling,20,35,201764,0.037716049382716,0.07999999999999999,True,,,,,
A2_remove_industry_prior,20,36,201765,0.1553086419753086,0.08925925925925923,False,,,,,
A4_remove_hierarchical_pooling,20,36,201765,0.1553086419753086,0.17999999999999994,True,,,,,
A2_remove_industry_prior,20,37,201766,0.20179012345679015,0.2774074074074074,True,,,,,
A4_remove_hierarchical_pooling,20,37,201766,0.20179012345679015,0.27,True,,,,,
A2_remove_industry_prior,20,38,201767,0.16135802469135804,0.23481481481481487,True,,,,,
A4_remove_hierarchical_pooling,20,38,201767,0.16135802469135804,0.22000000000000003,True,,,,,
A2_remove_industry_prior,20,39,201768,0.06172839506172847,0.08703703703703707,True,,,,,
A4_remove_hierarchical_pooling,20,39,201768,0.06172839506172847,0.09999999999999998,True,,,,,
A2_remove_industry_prior,20,40,201769,0.10925925925925922,0.07222222222222224,False,,,,,
A4_remove_hierarchical_pooling,20,40,201769,0.10925925925925922,0.19999999999999996,True,,,,,
A2_remove_industry_prior,20,41,201770,0.09327160493827158,0.10407407407407408,True,,,,,
A4_remove_hierarchical_pooling,20,41,201770,0.09327160493827158,0.13,True,,,,,
A2_remove_industry_prior,20,42,201771,0.06790123456790123,0.09074074074074077,True,,,,,
A4_remove_hierarchical_pooling,20,42,201771,0.06790123456790123,0.05000000000000001,False,,,,,
A2_remove_industry_prior,20,43,201772,0.07777777777777782,0.1166666666666667,True,,,,,
A4_remove_hierarchical_pooling,20,43,201772,0.07777777777777782,0.09999999999999998,True,,,,,
A2_remove_industry_prior,20,44,201773,0.057716049382716024,0.05888888888888894,True,,,,,
A4_remove_hierarchical_pooling,20,44,201773,0.057716049382716024,0.1,True,,,,,
A2_remove_industry_prior,20,45,201774,0.058395061728395044,0.06296296296296297,True,,,,,
A4_remove_hierarchical_pooling,20,45,201774,0.058395061728395044,0.12999999999999995,True,,,,,
A2_remove_industry_prior,20,46,201775,0.048518518518518516,0.10888888888888894,True,,,,,
A4_remove_hierarchical_pooling,20,46,201775,0.048518518518518516,0.05,True,,,,,
A2_remove_industry_prior,20,47,201776,0.14598765432098765,0.22592592592592595,True,,,,,
A4_remove_hierarchical_pooling,20,47,201776,0.14598765432098765,0.20000000000000004,True,,,,,
A2_remove_industry_prior,20,48,201777,0.0866666666666666,0.047777777777777766,False,,,,,
A4_remove_hierarchical_pooling,20,48,201777,0.0866666666666666,0.12000000000000001,True,,,,,
A2_remove_industry_prior,20,49,201778,0.06981481481481483,0.10370370370370371,True,,,,,
A4_remove_hierarchical_pooling,20,49,201778,0.06981481481481483,0.08000000000000002,True,,,,,
A2_remove_industry_prior,20,50,201779,0.11450617283950616,0.0496296296296296,False,,,,,
A4_remove_hierarchical_pooling,20,50,201779,0.11450617283950616,0.19999999999999998,True,,,,,
A2_remove_industry_prior,20,51,201780,0.0879012345679012,0.1218518518518519,True,,,,,
A4_remove_hierarchical_pooling,20,51,201780,0.0879012345679012,0.12,True,,,,,
A2_remove_industry_prior,20,52,201781,0.01487654320987647,0.07037037037037037,True,,,,,
A4_remove_hierarchical_pooling,20,52,201781,0.01487654320987647,0.049999999999999975,True,,,,,
A2_remove_industry_prior,20,53,201782,0.018518518518518573,0.06666666666666668,True,,,,,
A4_remove_hierarchical_pooling,20,53,201782,0.018518518518518573,0.07999999999999996,True,,,,,
A2_remove_industry_prior,20,54,201783,0.17432098765432097,0.245925925925926,True,,,,,
A4_remove_hierarchical_pooling,20,54,201783,0.17432098765432097,0.22000000000000003,True,,,,,
A2_remove_industry_prior,20,55,201784,0.0675308641975309,0.07185185185185186,True,,,,,
A4_remove_hierarchical_pooling,20,55,201784,0.0675308641975309,0.06999999999999998,True,,,,,
A2_remove_industry_prior,20,56,201785,0.12129629629629626,0.10703703703703703,False,,,,,
A4_remove_hierarchical_pooling,20,56,201785,0.12129629629629626,0.25,True,,,,,
A2_remove_industry_prior,20,57,201786,0.06549382716049379,0.04851851851851852,False,,,,,
A4_remove_hierarchical_pooling,20,57,201786,0.06549382716049379,0.13,True,,,,,
A2_remove_industry_prior,20,58,201787,0.07993827160493823,0.1462962962962963,True,,,,,
A4_remove_hierarchical_pooling,20,58,201787,0.07993827160493823,0.1,True,,,,,
A2_remove_industry_prior,20,59,201788,0.06950617283950614,0.09444444444444444,True,,,,,
A4_remove_hierarchical_pooling,20,59,201788,0.06950617283950614,0.12999999999999995,True,,,,,
A2_remove_industry_prior,20,60,201789,0.17901234567901236,0.1907407407407407,True,,,,,
A4_remove_hierarchical_pooling,20,60,201789,0.17901234567901236,0.2,True,,,,,
A2_remove_industry_prior,20,61,201790,0.08450617283950619,0.11259259259259265,True,,,,,
A4_remove_hierarchical_pooling,20,61,201790,0.08450617283950619,0.11999999999999997,True,,,,,
A2_remove_industry_prior,20,62,201791,0.04135802469135802,0.03851851851851856,False,,,,,
A4_remove_hierarchical_pooling,20,62,201791,0.04135802469135802,0.1,True,,,,,
A2_remove_industry_prior,20,63,201792,0.1188888888888889,0.14074074074074072,True,,,,,
A4_remove_hierarchical_pooling,20,63,201792,0.1188888888888889,0.13,True,,,,,
A2_remove_industry_prior,20,64,201793,0.008333333333333318,0.09629629629629634,True,,,,,
A4_remove_hierarchical_pooling,20,64,201793,0.008333333333333318,0.03,True,,,,,
A2_remove_industry_prior,20,65,201794,0.058024691358024655,0.05962962962962966,True,,,,,
A4_remove_hierarchical_pooling,20,65,201794,0.058024691358024655,0.09999999999999996,True,,,,,
A2_remove_industry_prior,20,66,201795,0.11944444444444446,0.16666666666666669,True,,,,,
A4_remove_hierarchical_pooling,20,66,201795,0.11944444444444446,0.15000000000000002,True,,,,,
A2_remove_industry_prior,20,67,201796,0.08641975308641975,0.1351851851851852,True,,,,,
A4_remove_hierarchical_pooling,20,67,201796,0.08641975308641975,0.1,True,,,,,
A2_remove_industry_prior,20,68,201797,0.03956790123456791,0.11666666666666667,True,,,,,
A4_remove_hierarchical_pooling,20,68,201797,0.03956790123456791,0.07999999999999999,True,,,,,
A2_remove_industry_prior,20,69,201798,0.18265432098765433,0.2292592592592593,True,,,,,
A4_remove_hierarchical_pooling,20,69,201798,0.18265432098765433,0.27,True,,,,,
A2_remove_industry_prior,20,70,201799,0.07753086419753083,0.0651851851851852,False,,,,,
A4_remove_hierarchical_pooling,20,70,201799,0.07753086419753083,0.18,True,,,,,
A2_remove_industry_prior,20,71,201800,0.18024691358024697,0.19814814814814816,True,,,,,
A4_remove_hierarchical_pooling,20,71,201800,0.18024691358024697,0.2,True,,,,,
A2_remove_industry_prior,20,72,201801,0.0722222222222223,0.08333333333333336,True,,,,,
A4_remove_hierarchical_pooling,20,72,201801,0.0722222222222223,0.09999999999999998,True,,,,,
A2_remove_industry_prior,20,73,201802,0.10493827160493827,0.10148148148148153,False,,,,,
A4_remove_hierarchical_pooling,20,73,201802,0.10493827160493827,0.15,True,,,,,
A2_remove_industry_prior,20,74,201803,0.05703703703703708,0.14222222222222225,True,,,,,
A4_remove_hierarchical_pooling,20,74,201803,0.05703703703703708,0.07000000000000003,True,,,,,
A2_remove_industry_prior,20,75,201804,0.13265432098765434,0.1274074074074074,False,,,,,
A4_remove_hierarchical_pooling,20,75,201804,0.13265432098765434,0.16999999999999998,True,,,,,
A2_remove_industry_prior,20,76,201805,0.04506172839506175,0.053703703703703726,True,,,,,
A4_remove_hierarchical_pooling,20,76,201805,0.04506172839506175,0.07999999999999996,True,,,,,
A2_remove_industry_prior,20,77,201806,0.11382716049382721,0.14962962962962967,True,,,,,
A4_remove_hierarchical_pooling,20,77,201806,0.11382716049382721,0.15000000000000002,True,,,,,
A2_remove_industry_prior,20,78,201807,0.15679012345679016,0.15740740740740744,True,,,,,
A4_remove_hierarchical_pooling,20,78,201807,0.15679012345679016,0.15000000000000002,False,,,,,
A2_remove_industry_prior,20,79,201808,0.057469135802469075,0.06703703703703706,True,,,,,
A4_remove_hierarchical_pooling,20,79,201808,0.057469135802469075,0.07999999999999996,True,,,,,
A2_remove_industry_prior,20,80,201809,0.11876543209876537,0.1292592592592593,True,,,,,
A4_remove_hierarchical_pooling,20,80,201809,0.11876543209876537,0.21999999999999997,True,,,,,
A2_remove_industry_prior,20,81,201810,0.0845679012345679,0.04222222222222226,False,,,,,
A4_remove_hierarchical_pooling,20,81,201810,0.0845679012345679,0.09999999999999999,True,,,,,
A2_remove_industry_prior,20,82,201811,0.2123456790123457,0.2740740740740741,True,,,,,
A4_remove_hierarchical_pooling,20,82,201811,0.2123456790123457,0.3,True,,,,,
A2_remove_industry_prior,20,83,201812,0.137962962962963,0.1777777777777778,True,,,,,
A4_remove_hierarchical_pooling,20,83,201812,0.137962962962963,0.15000000000000002,True,,,,,
A2_remove_industry_prior,20,84,201813,0.05302469135802472,0.12740740740740747,True,,,,,
A4_remove_hierarchical_pooling,20,84,201813,0.05302469135802472,0.11999999999999997,True,,,,,
A2_remove_industry_prior,20,85,201814,0.0414197530864198,0.1314814814814815,True,,,,,
A4_remove_hierarchical_pooling,20,85,201814,0.0414197530864198,0.05000000000000001,True,,,,,
A2_remove_industry_prior,20,86,201815,0.07876543209876541,0.14814814814814814,True,,,,,
A4_remove_hierarchical_pooling,20,86,201815,0.07876543209876541,0.13,True,,,,,
A2_remove_industry_prior,20,87,201816,0.09716049382716055,0.11629629629629631,True,,,,,
A4_remove_hierarchical_pooling,20,87,201816,0.09716049382716055,0.11999999999999997,True,,,,,
A2_remove_industry_prior,20,88,201817,0.017654320987654265,0.0703703703703704,True,,,,,
A4_remove_hierarchical_pooling,20,88,201817,0.017654320987654265,0.049999999999999975,True,,,,,
A2_remove_industry_prior,20,89,201818,0.08882716049382719,0.16629629629629636,True,,,,,
A4_remove_hierarchical_pooling,20,89,201818,0.08882716049382719,0.17,True,,,,,
A2_remove_industry_prior,20,90,201819,0.055493827160493885,0.1274074074074074,True,,,,,
A4_remove_hierarchical_pooling,20,90,201819,0.055493827160493885,0.07,True,,,,,
A2_remove_industry_prior,20,91,201820,0.07246913580246911,0.09074074074074079,True,,,,,
A4_remove_hierarchical_pooling,20,91,201820,0.07246913580246911,0.12000000000000001,True,,,,,
A2_remove_industry_prior,20,92,201821,0.1169135802469136,0.20148148148148154,True,,,,,
A4_remove_hierarchical_pooling,20,92,201821,0.1169135802469136,0.17,True,,,,,
A2_remove_industry_prior,20,93,201822,0.11765432098765431,0.10592592592592588,False,,,,,
A4_remove_hierarchical_pooling,20,93,201822,0.11765432098765431,0.22999999999999995,True,,,,,
A2_remove_industry_prior,20,94,201823,0.0582716049382716,0.03296296296296294,False,,,,,
A4_remove_hierarchical_pooling,20,94,201823,0.0582716049382716,0.14999999999999997,True,,,,,
A2_remove_industry_prior,20,95,201824,0.13364197530864197,0.08518518518518517,False,,,,,
A4_remove_hierarchical_pooling,20,95,201824,0.13364197530864197,0.25,True,,,,,
A2_remove_industry_prior,20,96,201825,0.11444444444444445,0.08851851851851855,False,,,,,
A4_remove_hierarchical_pooling,20,96,201825,0.11444444444444445,0.16999999999999998,True,,,,,
A2_remove_industry_prior,20,97,201826,0.08666666666666667,0.03666666666666666,False,,,,,
A4_remove_hierarchical_pooling,20,97,201826,0.08666666666666667,0.14999999999999997,True,,,,,
A2_remove_industry_prior,20,98,201827,0.15956790123456793,0.20740740740740743,True,,,,,
A4_remove_hierarchical_pooling,20,98,201827,0.15956790123456793,0.15000000000000002,False,,,,,
A2_remove_industry_prior,20,99,201828,0.16981481481481486,0.16888888888888892,False,,,,,
A4_remove_hierarchical_pooling,20,99,201828,0.16981481481481486,0.23,True,,,,,
A2_remove_industry_prior,20,100,201829,0.05401234567901232,0.10888888888888891,True,,,,,
A4_remove_hierarchical_pooling,20,100,201829,0.05401234567901232,0.1,True,,,,,
A2_remove_industry_prior,20,101,201830,0.11179012345679012,0.1337037037037037,True,,,,,
A4_remove_hierarchical_pooling,20,101,201830,0.11179012345679012,0.17999999999999994,True,,,,,
A2_remove_industry_prior,20,102,201831,0.15617283950617286,0.18703703703703706,True,,,,,
A4_remove_hierarchical_pooling,20,102,201831,0.15617283950617286,0.2,True,,,,,
A2_remove_industry_prior,20,103,201832,0.09228395061728392,0.07222222222222219,False,,,,,
A4_remove_hierarchical_pooling,20,103,201832,0.09228395061728392,0.19999999999999998,True,,,,,
A2_remove_industry_prior,20,104,201833,0.14876543209876544,0.2092592592592593,True,,,,,
A4_remove_hierarchical_pooling,20,104,201833,0.14876543209876544,0.2,True,,,,,
A2_remove_industry_prior,20,105,201834,0.038209876543209856,0.09037037037037039,True,,,,,
A4_remove_hierarchical_pooling,20,105,201834,0.038209876543209856,0.05,True,,,,,
A2_remove_industry_prior,20,106,201835,0.056172839506172856,0.10888888888888892,True,,,,,
A4_remove_hierarchical_pooling,20,106,201835,0.056172839506172856,0.09999999999999996,True,,,,,
A2_remove_industry_prior,20,107,201836,0.11518518518518522,0.16666666666666669,True,,,,,
A4_remove_hierarchical_pooling,20,107,201836,0.11518518518518522,0.18,True,,,,,
A2_remove_industry_prior,20,108,201837,0.07345679012345682,0.12407407407407409,True,,,,,
A4_remove_hierarchical_pooling,20,108,201837,0.07345679012345682,0.10000000000000003,True,,,,,
A2_remove_industry_prior,20,109,201838,0.09839506172839507,0.15703703703703706,True,,,,,
A4_remove_hierarchical_pooling,20,109,201838,0.09839506172839507,0.12000000000000002,True,,,,,
A2_remove_industry_prior,20,110,201839,0.15518518518518515,0.12555555555555553,False,,,,,
A4_remove_hierarchical_pooling,20,110,201839,0.15518518518518515,0.22,True,,,,,
A2_remove_industry_prior,20,111,201840,0.1308641975308642,0.1703703703703704,True,,,,,
A4_remove_hierarchical_pooling,20,111,201840,0.1308641975308642,0.15000000000000002,True,,,,,
A2_remove_industry_prior,20,112,201841,0.1778395061728395,0.21296296296296297,True,,,,,
A4_remove_hierarchical_pooling,20,112,201841,0.1778395061728395,0.28,True,,,,,
A2_remove_industry_prior,20,113,201842,0.1898765432098765,0.13555555555555557,False,,,,,
A4_remove_hierarchical_pooling,20,113,201842,0.1898765432098765,0.27999999999999997,True,,,,,
A2_remove_industry_prior,20,114,201843,0.1626543209876543,0.1977777777777778,True,,,,,
A4_remove_hierarchical_pooling,20,114,201843,0.1626543209876543,0.17,True,,,,,
A2_remove_industry_prior,20,115,201844,0.1404938271604938,0.07629629629629625,False,,,,,
A4_remove_hierarchical_pooling,20,115,201844,0.1404938271604938,0.22999999999999998,True,,,,,
A2_remove_industry_prior,20,116,201845,0.07438271604938268,0.04592592592592597,False,,,,,
A4_remove_hierarchical_pooling,20,116,201845,0.07438271604938268,0.09999999999999999,True,,,,,
A2_remove_industry_prior,20,117,201846,0.0784567901234568,0.1040740740740741,True,,,,,
A4_remove_hierarchical_pooling,20,117,201846,0.0784567901234568,0.12999999999999995,True,,,,,
A2_remove_industry_prior,20,118,201847,0.027716049382716032,0.057037037037037025,True,,,,,
A4_remove_hierarchical_pooling,20,118,201847,0.027716049382716032,0.06999999999999998,True,,,,,
A2_remove_industry_prior,20,119,201848,0.09753086419753079,0.07185185185185183,False,,,,,
A4_remove_hierarchical_pooling,20,119,201848,0.09753086419753079,0.19999999999999996,True,,,,,
A2_remove_industry_prior,20,120,201849,0.05827160493827161,0.06629629629629627,True,,,,,
A4_remove_hierarchical_pooling,20,120,201849,0.05827160493827161,0.14999999999999997,True,,,,,
A2_remove_industry_prior,20,121,201850,0.08981481481481482,0.16074074074074077,True,,,,,
A4_remove_hierarchical_pooling,20,121,201850,0.08981481481481482,0.12000000000000004,True,,,,,
A2_remove_industry_prior,20,122,201851,0.1555555555555556,0.15000000000000002,False,,,,,
A4_remove_hierarchical_pooling,20,122,201851,0.1555555555555556,0.18,True,,,,,
A2_remove_industry_prior,20,123,201852,0.16333333333333327,0.07999999999999995,False,,,,,
A4_remove_hierarchical_pooling,20,123,201852,0.16333333333333327,0.22999999999999998,True,,,,,
A2_remove_industry_prior,20,124,201853,0.1241358024691358,0.13333333333333333,True,,,,,
A4_remove_hierarchical_pooling,20,124,201853,0.1241358024691358,0.18,True,,,,,
A2_remove_industry_prior,20,125,201854,0.14074074074074075,0.19629629629629633,True,,,,,
A4_remove_hierarchical_pooling,20,125,201854,0.14074074074074075,0.2,True,,,,,
A2_remove_industry_prior,20,126,201855,0.0888888888888889,0.12962962962962965,True,,,,,
A4_remove_hierarchical_pooling,20,126,201855,0.0888888888888889,0.10000000000000003,True,,,,,
A2_remove_industry_prior,20,127,201856,0.15117283950617286,0.17370370370370375,True,,,,,
A4_remove_hierarchical_pooling,20,127,201856,0.15117283950617286,0.17,True,,,,,
A2_remove_industry_prior,20,128,201857,0.10833333333333335,0.20000000000000004,True,,,,,
A4_remove_hierarchical_pooling,20,128,201857,0.10833333333333335,0.15000000000000002,True,,,,,
A2_remove_industry_prior,20,129,201858,0.09320987654320988,0.10925925925925929,True,,,,,
A4_remove_hierarchical_pooling,20,129,201858,0.09320987654320988,0.10000000000000003,True,,,,,
A2_remove_industry_prior,20,130,201859,0.09351851851851854,0.14444444444444446,True,,,,,
A4_remove_hierarchical_pooling,20,130,201859,0.09351851851851854,0.13,True,,,,,
A2_remove_industry_prior,20,131,201860,0.12469135802469132,0.06851851851851855,False,,,,,
A4_remove_hierarchical_pooling,20,131,201860,0.12469135802469132,0.19999999999999996,True,,,,,
A2_remove_industry_prior,20,132,201861,0.1392592592592593,0.18888888888888894,True,,,,,
A4_remove_hierarchical_pooling,20,132,201861,0.1392592592592593,0.18,True,,,,,
A2_remove_industry_prior,20,133,201862,0.10617283950617279,0.08703703703703702,False,,,,,
A4_remove_hierarchical_pooling,20,133,201862,0.10617283950617279,0.19999999999999996,True,,,,,
A2_remove_industry_prior,20,134,201863,0.04234567901234566,0.11481481481481483,True,,,,,
A4_remove_hierarchical_pooling,20,134,201863,0.04234567901234566,0.05,True,,,,,
A2_remove_industry_prior,20,135,201864,0.12753086419753087,0.1485185185185185,True,,,,,
A4_remove_hierarchical_pooling,20,135,201864,0.12753086419753087,0.18,True,,,,,
A2_remove_industry_prior,20,136,201865,0.0845679012345679,0.0685185185185185,False,,,,,
A4_remove_hierarchical_pooling,20,136,201865,0.0845679012345679,0.14999999999999997,True,,,,,
A2_remove_industry_prior,20,137,201866,0.04290123456790124,0.10740740740740742,True,,,,,
A4_remove_hierarchical_pooling,20,137,201866,0.04290123456790124,0.03,False,,,,,
A2_remove_industry_prior,20,138,201867,0.08172839506172842,0.09037037037037042,True,,,,,
A4_remove_hierarchical_pooling,20,138,201867,0.08172839506172842,0.07,False,,,,,
A2_remove_industry_prior,20,139,201868,0.06240740740740743,0.06333333333333334,True,,,,,
A4_remove_hierarchical_pooling,20,139,201868,0.06240740740740743,0.07999999999999996,True,,,,,
A2_remove_industry_prior,20,140,201869,0.06419753086419751,0.06074074074074076,False,,,,,
A4_remove_hierarchical_pooling,20,140,201869,0.06419753086419751,0.14999999999999997,True,,,,,
A2_remove_industry_prior,20,141,201870,0.025308641975308674,0.07370370370370372,True,,,,,
A4_remove_hierarchical_pooling,20,141,201870,0.025308641975308674,0.06999999999999998,True,,,,,
A2_remove_industry_prior,20,142,201871,0.20092592592592595,0.2555555555555556,True,,,,,
A4_remove_hierarchical_pooling,20,142,201871,0.20092592592592595,0.25,True,,,,,
A2_remove_industry_prior,20,143,201872,0.12623456790123458,0.12185185185185182,False,,,,,
A4_remove_hierarchical_pooling,20,143,201872,0.12623456790123458,0.25,True,,,,,
A2_remove_industry_prior,20,144,201873,0.11882716049382716,0.08111111111111109,False,,,,,
A4_remove_hierarchical_pooling,20,144,201873,0.11882716049382716,0.19999999999999998,True,,,,,
A2_remove_industry_prior,20,145,201874,0.07679012345679015,0.12740740740740747,True,,,,,
A4_remove_hierarchical_pooling,20,145,201874,0.07679012345679015,0.07,False,,,,,
A2_remove_industry_prior,20,146,201875,0.13950617283950614,0.09777777777777777,False,,,,,
A4_remove_hierarchical_pooling,20,146,201875,0.13950617283950614,0.19999999999999998,True,,,,,
A2_remove_industry_prior,20,147,201876,0.09530864197530865,0.1070370370370371,True,,,,,
A4_remove_hierarchical_pooling,20,147,201876,0.09530864197530865,0.16999999999999998,True,,,,,
A2_remove_industry_prior,20,148,201877,0.07154320987654325,0.10148148148148153,True,,,,,
A4_remove_hierarchical_pooling,20,148,201877,0.07154320987654325,0.11999999999999997,True,,,,,
A2_remove_industry_prior,20,149,201878,0.1746913580246913,0.13148148148148142,False,,,,,
A4_remove_hierarchical_pooling,20,149,201878,0.1746913580246913,0.3,True,,,,,
A2_remove_industry_prior,20,150,201879,0.19962962962962966,0.23111111111111116,True,,,,,
A4_remove_hierarchical_pooling,20,150,201879,0.19962962962962966,0.22000000000000003,True,,,,,
A2_remove_industry_prior,20,151,201880,0.08543209876543213,0.11259259259259263,True,,,,,
A4_remove_hierarchical_pooling,20,151,201880,0.08543209876543213,0.07000000000000003,False,,,,,
A2_remove_industry_prior,20,152,201881,0.1460493827160494,0.17777777777777776,True,,,,,
A4_remove_hierarchical_pooling,20,152,201881,0.1460493827160494,0.18,True,,,,,
A2_remove_industry_prior,20,153,201882,0.09444444444444441,0.049999999999999975,False,,,,,
A4_remove_hierarchical_pooling,20,153,201882,0.09444444444444441,0.14999999999999997,True,,,,,
A2_remove_industry_prior,20,154,201883,0.13462962962962965,0.16666666666666666,True,,,,,
A4_remove_hierarchical_pooling,20,154,201883,0.13462962962962965,0.18,True,,,,,
A2_remove_industry_prior,20,155,201884,0.10580246913580249,0.08481481481481482,False,,,,,
A4_remove_hierarchical_pooling,20,155,201884,0.10580246913580249,0.19999999999999998,True,,,,,
A2_remove_industry_prior,20,156,201885,0.0651851851851852,0.12222222222222226,True,,,,,
A4_remove_hierarchical_pooling,20,156,201885,0.0651851851851852,0.10000000000000003,True,,,,,
A2_remove_industry_prior,20,157,201886,0.0312345679012345,0.06111111111111114,True,,,,,
A4_remove_hierarchical_pooling,20,157,201886,0.0312345679012345,0.07999999999999996,True,,,,,
A2_remove_industry_prior,20,158,201887,0.04814814814814812,0.055925925925925934,True,,,,,
A4_remove_hierarchical_pooling,20,158,201887,0.04814814814814812,0.09999999999999996,True,,,,,
A2_remove_industry_prior,20,159,201888,0.13611111111111113,0.13333333333333336,False,,,,,
A4_remove_hierarchical_pooling,20,159,201888,0.13611111111111113,0.10000000000000002,False,,,,,
A2_remove_industry_prior,20,160,201889,0.04283950617283955,0.05000000000000001,True,,,,,
A4_remove_hierarchical_pooling,20,160,201889,0.04283950617283955,0.06999999999999998,True,,,,,
A2_remove_industry_prior,20,161,201890,0.05950617283950614,0.07555555555555557,True,,,,,
A4_remove_hierarchical_pooling,20,161,201890,0.05950617283950614,0.12,True,,,,,
A2_remove_industry_prior,20,162,201891,0.06728395061728396,0.132962962962963,True,,,,,
A4_remove_hierarchical_pooling,20,162,201891,0.06728395061728396,0.07000000000000003,True,,,,,
A2_remove_industry_prior,20,163,201892,0.1385185185185185,0.11444444444444443,False,,,,,
A4_remove_hierarchical_pooling,20,163,201892,0.1385185185185185,0.21999999999999997,True,,,,,
A2_remove_industry_prior,20,164,201893,0.19135802469135804,0.19814814814814816,True,,,,,
A4_remove_hierarchical_pooling,20,164,201893,0.19135802469135804,0.2,True,,,,,
A2_remove_industry_prior,20,165,201894,0.07969135802469138,0.13888888888888892,True,,,,,
A4_remove_hierarchical_pooling,20,165,201894,0.07969135802469138,0.13,True,,,,,
A2_remove_industry_prior,20,166,201895,0.15055555555555564,0.17000000000000004,True,,,,,
A4_remove_hierarchical_pooling,20,166,201895,0.15055555555555564,0.16999999999999998,True,,,,,
A2_remove_industry_prior,20,167,201896,0.12623456790123463,0.16111111111111115,True,,,,,
A4_remove_hierarchical_pooling,20,167,201896,0.12623456790123463,0.15000000000000002,True,,,,,
A2_remove_industry_prior,20,168,201897,0.11141975308641978,0.18518518518518517,True,,,,,
A4_remove_hierarchical_pooling,20,168,201897,0.11141975308641978,0.20000000000000004,True,,,,,
A2_remove_industry_prior,20,169,201898,0.14666666666666667,0.16296296296296298,True,,,,,
A4_remove_hierarchical_pooling,20,169,201898,0.14666666666666667,0.18,True,,,,,
A2_remove_industry_prior,20,170,201899,0.07537037037037034,0.041111111111111105,False,,,,,
A4_remove_hierarchical_pooling,20,170,201899,0.07537037037037034,0.13,True,,,,,
A2_remove_industry_prior,20,171,201900,0.0790740740740741,0.08333333333333334,True,,,,,
A4_remove_hierarchical_pooling,20,171,201900,0.0790740740740741,0.07999999999999999,True,,,,,
A2_remove_industry_prior,20,172,201901,0.00956790123456791,0.07407407407407407,True,,,,,
A4_remove_hierarchical_pooling,20,172,201901,0.00956790123456791,0.020000000000000018,True,,,,,
A2_remove_industry_prior,20,173,201902,0.16320987654320993,0.24592592592592596,True,,,,,
A4_remove_hierarchical_pooling,20,173,201902,0.16320987654320993,0.22000000000000003,True,,,,,
A2_remove_industry_prior,20,174,201903,0.024012345679012358,0.09074074074074076,True,,,,,
A4_remove_hierarchical_pooling,20,174,201903,0.024012345679012358,0.020000000000000018,False,,,,,
A2_remove_industry_prior,20,175,201904,0.16203703703703703,0.2222222222222223,True,,,,,
A4_remove_hierarchical_pooling,20,175,201904,0.16203703703703703,0.20000000000000004,True,,,,,
A2_remove_industry_prior,20,176,201905,0.0687654320987654,0.07925925925925931,True,,,,,
A4_remove_hierarchical_pooling,20,176,201905,0.0687654320987654,0.06999999999999998,True,,,,,
A2_remove_industry_prior,20,177,201906,0.13604938271604938,0.0996296296296296,False,,,,,
A4_remove_hierarchical_pooling,20,177,201906,0.13604938271604938,0.25,True,,,,,
A2_remove_industry_prior,20,178,201907,0.07061728395061725,0.09222222222222223,True,,,,,
A4_remove_hierarchical_pooling,20,178,201907,0.07061728395061725,0.11999999999999998,True,,,,,
A2_remove_industry_prior,20,179,201908,0.10117283950617287,0.10925925925925928,True,,,,,
A4_remove_hierarchical_pooling,20,179,201908,0.10117283950617287,0.12000000000000001,True,,,,,
A2_remove_industry_prior,20,180,201909,0.0971604938271605,0.06814814814814812,False,,,,,
A4_remove_hierarchical_pooling,20,180,201909,0.0971604938271605,0.19999999999999998,True,,,,,
A2_remove_industry_prior,20,181,201910,0.15777777777777777,0.05370370370370365,False,,,,,
A4_remove_hierarchical_pooling,20,181,201910,0.15777777777777777,0.19999999999999998,True,,,,,
A2_remove_industry_prior,20,182,201911,0.1230864197530864,0.12185185185185188,False,,,,,
A4_remove_hierarchical_pooling,20,182,201911,0.1230864197530864,0.22,True,,,,,
A2_remove_industry_prior,20,183,201912,0.09530864197530867,0.1444444444444445,True,,,,,
A4_remove_hierarchical_pooling,20,183,201912,0.09530864197530867,0.12000000000000002,True,,,,,
A2_remove_industry_prior,20,184,201913,0.046358024691357975,0.03518518518518521,False,,,,,
A4_remove_hierarchical_pooling,20,184,201913,0.046358024691357975,0.07999999999999996,True,,,,,
A2_remove_industry_prior,20,185,201914,0.07308641975308641,0.06444444444444447,False,,,,,
A4_remove_hierarchical_pooling,20,185,201914,0.07308641975308641,0.09999999999999999,True,,,,,
A2_remove_industry_prior,20,186,201915,0.13580246913580246,0.16481481481481483,True,,,,,
A4_remove_hierarchical_pooling,20,186,201915,0.13580246913580246,0.15000000000000002,True,,,,,
A2_remove_industry_prior,20,187,201916,0.06703703703703705,0.10888888888888892,True,,,,,
A4_remove_hierarchical_pooling,20,187,201916,0.06703703703703705,0.10000000000000003,True,,,,,
A2_remove_industry_prior,20,188,201917,0.07969135802469134,0.06148148148148149,False,,,,,
A4_remove_hierarchical_pooling,20,188,201917,0.07969135802469134,0.12999999999999995,True,,,,,
A2_remove_industry_prior,20,189,201918,0.08172839506172844,0.14814814814814817,True,,,,,
A4_remove_hierarchical_pooling,20,189,201918,0.08172839506172844,0.07000000000000003,False,,,,,
A2_remove_industry_prior,20,190,201919,0.12654320987654322,0.15333333333333338,True,,,,,
A4_remove_hierarchical_pooling,20,190,201919,0.12654320987654322,0.15000000000000002,True,,,,,
A2_remove_industry_prior,20,191,201920,0.06567901234567897,0.06259259259259264,False,,,,,
A4_remove_hierarchical_pooling,20,191,201920,0.06567901234567897,0.12,True,,,,,
A2_remove_industry_prior,20,192,201921,0.062962962962963,0.0944444444444445,True,,,,,
A4_remove_hierarchical_pooling,20,192,201921,0.062962962962963,0.05000000000000001,False,,,,,
A2_remove_industry_prior,20,193,201922,0.027777777777777797,0.0940740740740741,True,,,,,
A4_remove_hierarchical_pooling,20,193,201922,0.027777777777777797,0.05,True,,,,,
A2_remove_industry_prior,20,194,201923,0.11567901234567898,0.07740740740740741,False,,,,,
A4_remove_hierarchical_pooling,20,194,201923,0.11567901234567898,0.16999999999999998,True,,,,,
A2_remove_industry_prior,20,195,201924,0.1027777777777778,0.20000000000000004,True,,,,,
A4_remove_hierarchical_pooling,20,195,201924,0.1027777777777778,0.15000000000000002,True,,,,,
A2_remove_industry_prior,20,196,201925,0.05339506172839509,0.09629629629629632,True,,,,,
A4_remove_hierarchical_pooling,20,196,201925,0.05339506172839509,0.05,False,,,,,
A2_remove_industry_prior,20,197,201926,0.09993827160493832,0.17185185185185187,True,,,,,
A4_remove_hierarchical_pooling,20,197,201926,0.09993827160493832,0.17,True,,,,,
A2_remove_industry_prior,20,198,201927,0.07987654320987658,0.11259259259259263,True,,,,,
A4_remove_hierarchical_pooling,20,198,201927,0.07987654320987658,0.11999999999999997,True,,,,,
A2_remove_industry_prior,20,199,201928,0.11234567901234563,0.16814814814814816,True,,,,,
A4_remove_hierarchical_pooling,20,199,201928,0.11234567901234563,0.19999999999999996,True,,,,,
A3_remove_compatibility_mask,1,0,,,,,c1,0.0,0.55,False,True
A3_remove_compatibility_mask,2,0,,,,,c2,0.0,0.5,False,True
A3_remove_compatibility_mask,3,0,,,,,c3,0.0,0.45,False,True
A3_remove_compatibility_mask,4,0,,,,,c4,0.0,0.48,False,True
A6_remove_temporal_decay,80,0,601729,0.24883819605147664,0.2888888888888889,True,,,,,
A6_remove_temporal_decay,80,1,601730,0.2306357659653127,0.3166666666666667,True,,,,,
A6_remove_temporal_decay,80,2,601731,0.37449004720853757,0.38888888888888895,True,,,,,
A6_remove_temporal_decay,80,3,601732,0.23915607903413297,0.3166666666666667,True,,,,,
A6_remove_temporal_decay,80,4,601733,0.22370295194181175,0.26666666666666666,True,,,,,
A6_remove_temporal_decay,80,5,601734,0.2659697341397175,0.29444444444444445,True,,,,,
A6_remove_temporal_decay,80,6,601735,0.2643046316556652,0.3388888888888889,True,,,,,
A6_remove_temporal_decay,80,7,601736,0.305551508270646,0.3888888888888889,True,,,,,
A6_remove_temporal_decay,80,8,601737,0.19805110078475074,0.2666666666666667,True,,,,,
A6_remove_temporal_decay,80,9,601738,0.2818618648407018,0.33333333333333337,True,,,,,
A6_remove_temporal_decay,80,10,601739,0.27318634489441557,0.3333333333333333,True,,,,,
A6_remove_temporal_decay,80,11,601740,0.25664901729230394,0.3111111111111111,True,,,,,
A6_remove_temporal_decay,80,12,601741,0.25701041746223413,0.3166666666666667,True,,,,,
A6_remove_temporal_decay,80,13,601742,0.3655307305310542,0.4,True,,,,,
A6_remove_temporal_decay,80,14,601743,0.214885533629927,0.2888888888888889,True,,,,,
A6_remove_temporal_decay,80,15,601744,0.2070104174622341,0.25,True,,,,,
A6_remove_temporal_decay,80,16,601745,0.29855439932027944,0.3444444444444445,True,,,,,
A6_remove_temporal_decay,80,17,601746,0.24717309356742434,0.33333333333333337,True,,,,,
A6_remove_temporal_decay,80,18,601747,0.2815647595976372,0.33333333333333337,True,,,,,
A6_remove_temporal_decay,80,19,601748,0.27348345013748016,0.32777777777777783,True,,,,,
A6_remove_temporal_decay,80,20,601749,0.29797349734601775,0.36111111111111116,True,,,,,
A6_remove_temporal_decay,80,21,601750,0.2567909156579025,0.3055555555555556,True,,,,,
A6_remove_temporal_decay,80,22,601751,0.23099716613524293,0.30555555555555564,True,,,,,
A6_remove_temporal_decay,80,23,601752,0.2564295154879724,0.33333333333333337,True,,,,,
A6_remove_temporal_decay,80,24,601753,0.30642951548797237,0.36666666666666664,True,,,,,
A6_remove_temporal_decay,80,25,601754,0.2395950826427961,0.3055555555555556,True,,,,,
A6_remove_temporal_decay,80,26,601755,0.2561324102449078,0.32222222222222224,True,,,,,
A6_remove_temporal_decay,80,27,601756,0.25664901729230394,0.3111111111111111,True,,,,,
A6_remove_temporal_decay,80,28,601757,0.3144465300212638,0.3833333333333333,True,,,,,
A6_remove_temporal_decay,80,29,601758,0.3075137159977628,0.3333333333333333,True,,,,,
A6_remove_temporal_decay,80,30,601759,0.32376724686867736,0.36111111111111116,True,,,,,
A6_remove_temporal_decay,80,31,601760,0.2054872133437804,0.29444444444444445,True,,,,,
A6_remove_temporal_decay,80,32,601761,0.2242062504773405,0.2555555555555556,True,,,,,
A6_remove_temporal_decay,80,33,601762,0.26458842838686236,0.32777777777777783,True,,,,,
A6_remove_temporal_decay,80,34,601763,0.29031788298265643,0.33333333333333337,True,,,,,
A6_remove_temporal_decay,80,35,601764,0.24891579949020964,0.2888888888888889,True,,,,,
A6_remove_temporal_decay,80,36,601765,0.3309195626965099,0.40555555555555556,True,,,,,
A6_remove_temporal_decay,80,37,601766,0.27354774506434576,0.3166666666666667,True,,,,,
A6_remove_temporal_decay,80,38,601767,0.29009838117832487,0.33888888888888896,True,,,,,
A6_remove_temporal_decay,80,39,601768,0.25606811531804213,0.33333333333333337,True,,,,,
A6_remove_temporal_decay,80,40,601769,0.24855439932027948,0.29444444444444445,True,,,,,
A6_remove_temporal_decay,80,41,601770,0.2070104174622341,0.25000000000000006,True,,,,,
A6_remove_temporal_decay,80,42,601771,0.2561324102449078,0.32222222222222224,True,,,,,
A6_remove_temporal_decay,80,43,601772,0.3739091452342759,0.40555555555555556,True,,,,,
A6_remove_temporal_decay,80,44,601773,0.33164236303637024,0.38333333333333336,True,,,,,
A6_remove_temporal_decay,80,45,601774,0.24805110078475073,0.3111111111111111,True,,,,,
A6_remove_temporal_decay,80,46,601775,0.2653888321654558,0.3111111111111111,True,,,,,
A6_remove_temporal_decay,80,47,601776,0.30613241024490767,0.37222222222222223,True,,,,,
A6_remove_temporal_decay,80,48,601777,0.28208136664503336,0.32222222222222224,True,,,,,
A6_remove_temporal_decay,80,49,601778,0.2066490172923039,0.2611111111111111,True,,,,,
A6_remove_temporal_decay,80,50,601779,0.25715231582783266,0.2944444444444445,True,,,,,
A6_remove_temporal_decay,80,51,601780,0.2903821779095219,0.3277777777777778,True,,,,,
A6_remove_temporal_decay,80,52,601781,0.27362534850307885,0.3166666666666667,True,,,,,
A6_remove_temporal_decay,80,53,601782,0.17334155177188162,0.22777777777777777,True,,,,,
A6_remove_temporal_decay,80,54,601783,0.28995648281272624,0.35000000000000003,True,,,,,
A6_remove_temporal_decay,80,55,601784,0.20628761712237378,0.2777777777777778,True,,,,,
A6_remove_temporal_decay,80,56,601785,0.27348345013748016,0.32222222222222224,True,,,,,
A6_remove_temporal_decay,80,57,601786,0.21422702821693224,0.29444444444444445,True,,,,,
A6_remove_temporal_decay,80,58,601787,0.30715231582783264,0.3444444444444445,True,,,,,
A6_remove_temporal_decay,80,59,601788,0.24017598461705786,0.3055555555555556,True,,,,,
A6_remove_temporal_decay,80,60,601789,0.18909178410726735,0.27222222222222225,True,,,,,
A6_remove_temporal_decay,80,61,601790,0.2815004646707716,0.3388888888888889,True,,,,,
A6_remove_temporal_decay,80,62,601791,0.24017598461705786,0.2888888888888889,True,,,,,
A6_remove_temporal_decay,80,63,601792,0.24031788298265647,0.2888888888888889,True,,,,,
A6_remove_temporal_decay,80,64,601793,0.24017598461705783,0.2888888888888889,True,,,,,
A6_remove_temporal_decay,80,65,601794,0.2062100136836407,0.27222222222222225,True,,,,,
A6_remove_temporal_decay,80,66,601795,0.28995648281272624,0.34444444444444444,True,,,,,
A6_remove_temporal_decay,80,67,601796,0.3072942141934313,0.34444444444444444,True,,,,,
A6_remove_temporal_decay,80,68,601797,0.25679091565790246,0.3055555555555556,True,,,,,
A6_remove_temporal_decay,80,69,601798,0.29009838117832487,0.3388888888888889,True,,,,,
A6_remove_temporal_decay,80,70,601799,0.1739224537461433,0.22777777777777777,True,,,,,
A6_remove_temporal_decay,80,71,601800,0.30715231582783264,0.3444444444444445,True,,,,,
A6_remove_temporal_decay,80,72,601801,0.2562876171223738,0.32222222222222224,True,,,,,
A6_remove_temporal_decay,80,73,601802,0.31444653002126377,0.38333333333333336,True,,,,,
A6_remove_temporal_decay,80,74,601803,0.18230086844936494,0.23888888888888893,True,,,,,
A6_remove_temporal_decay,80,75,601804,0.31502743199552546,0.38333333333333336,True,,,,,
A6_remove_temporal_decay,80,76,601805,0.18077766433091128,0.2611111111111111,True,,,,,
A6_remove_temporal_decay,80,77,601806,0.24017598461705786,0.3166666666666667,True,,,,,
A6_remove_temporal_decay,80,78,601807,0.290382177909522,0.3277777777777778,True,,,,,
A6_remove_temporal_decay,80,79,601808,0.26560833396978734,0.3055555555555556,True,,,,,
A6_remove_temporal_decay,80,80,601809,0.18113906450084136,0.25000000000000006,True,,,,,
A6_remove_temporal_decay,80,81,601810,0.22370295194181178,0.29444444444444445,True,,,,,
A6_remove_temporal_decay,80,82,601811,0.25635191204923935,0.3166666666666667,True,,,,,
A6_remove_temporal_decay,80,83,601812,0.33128096286644004,0.3944444444444445,True,,,,,
A6_remove_temporal_decay,80,84,601813,0.29031788298265643,0.3388888888888889,True,,,,,
A6_remove_temporal_decay,80,85,601814,0.31575023233538585,0.34444444444444444,True,,,,,
A6_remove_temporal_decay,80,86,601815,0.28973698100839473,0.35,True,,,,,
A6_remove_temporal_decay,80,87,601816,0.21524693379985715,0.2611111111111111,True,,,,,
A6_remove_temporal_decay,80,88,601817,0.30715231582783264,0.34444444444444444,True,,,,,
A6_remove_temporal_decay,80,89,601818,0.22370295194181178,0.27222222222222225,True,,,,,
A6_remove_temporal_decay,80,90,601819,0.19863200275901238,0.2666666666666667,True,,,,,
A6_remove_temporal_decay,80,91,601820,0.2811390645008414,0.3500000000000001,True,,,,,
A6_remove_temporal_decay,80,92,601821,0.25599051187930916,0.32777777777777783,True,,,,,
A6_remove_temporal_decay,80,93,601822,0.2825846651805622,0.33333333333333337,True,,,,,
A6_remove_temporal_decay,80,94,601823,0.2904597813482549,0.32777777777777783,True,,,,,
A6_remove_temporal_decay,80,95,601824,0.3072942141934313,0.3388888888888889,True,,,,,
A6_remove_temporal_decay,80,96,601825,0.27312204996755,0.33333333333333337,True,,,,,
A6_remove_temporal_decay,80,97,601826,0.3069328140235011,0.35000000000000003,True,,,,,
A6_remove_temporal_decay,80,98,601827,0.32398674867300886,0.3555555555555556,True,,,,,
A6_remove_temporal_decay,80,99,601828,0.2478315989804192,0.3166666666666667,True,,,,,
A6_remove_temporal_decay,80,100,601829,0.23193946827943476,0.2777777777777778,True,,,,,
A6_remove_temporal_decay,80,101,601830,0.27312204996754996,0.35555555555555557,True,,,,,
A6_remove_temporal_decay,80,102,601831,0.21438223509439827,0.3055555555555556,True,,,,,
A6_remove_temporal_decay,80,103,601832,0.27348345013748016,0.32777777777777783,True,,,,,
A6_remove_temporal_decay,80,104,601833,0.24805110078475076,0.3111111111111111,True,,,,,
A6_remove_temporal_decay,80,105,601834,0.24877390112461104,0.3055555555555556,True,,,,,
A6_remove_temporal_decay,80,106,601835,0.2559905118793092,0.3277777777777778,True,,,,,
A6_remove_temporal_decay,80,107,601836,0.23171996647510318,0.2833333333333333,True,,,,,
A6_remove_temporal_decay,80,108,601837,0.26292332590281003,0.3777777777777778,True,,,,,
A6_remove_temporal_decay,80,109,601838,0.24855439932027945,0.29444444444444445,True,,,,,
A6_remove_temporal_decay,80,110,601839,0.23193946827943476,0.2944444444444445,True,,,,,
A6_remove_temporal_decay,80,111,601840,0.2068685190966355,0.2611111111111111,True,,,,,
A6_remove_temporal_decay,80,112,601841,0.24819299915034934,0.30555555555555564,True,,,,,
A6_remove_temporal_decay,80,113,601842,0.23981458444712767,0.3166666666666667,True,,,,,
A6_remove_temporal_decay,80,114,601843,0.2721021443846251,0.36111111111111116,True,,,,,
A6_remove_temporal_decay,80,115,601844,0.2734834501374802,0.32777777777777783,True,,,,,
A6_remove_temporal_decay,80,116,601845,0.3479734973460176,0.4166666666666667,True,,,,,
A6_remove_temporal_decay,80,117,601846,0.2903178829826564,0.3388888888888889,True,,,,,
A6_remove_temporal_decay,80,118,601847,0.28965937756966165,0.35,True,,,,,
A6_remove_temporal_decay,80,119,601848,0.32398674867300886,0.35555555555555557,True,,,,,
A6_remove_temporal_decay,80,120,601849,0.3402402795439234,0.3833333333333334,True,,,,,
A6_remove_temporal_decay,80,121,601850,0.22246354455455522,0.30000000000000004,True,,,,,
A6_remove_temporal_decay,80,122,601851,0.36516933036112403,0.4166666666666667,True,,,,,
A6_remove_temporal_decay,80,123,601852,0.2319394682794348,0.2833333333333333,True,,,,,
A6_remove_temporal_decay,80,124,601853,0.23230086844936493,0.2666666666666667,True,,,,,
A6_remove_temporal_decay,80,125,601854,0.26488553362992695,0.32222222222222224,True,,,,,
A6_remove_temporal_decay,80,126,601855,0.3062100136836408,0.37222222222222223,True,,,,,
A6_remove_temporal_decay,80,127,601856,0.23157806810950463,0.2944444444444445,True,,,,,
A6_remove_temporal_decay,80,128,601857,0.2983348975159479,0.35000000000000003,True,,,,,
A6_remove_temporal_decay,80,129,601858,0.2570104174622341,0.30000000000000004,True,,,,,
A6_remove_temporal_decay,80,130,601859,0.1891560790341329,0.2666666666666667,True,,,,,
A6_remove_temporal_decay,80,131,601860,0.20628761712237376,0.27222222222222225,True,,,,,
A6_remove_temporal_decay,80,132,601861,0.27348345013748016,0.32222222222222224,True,,,,,
A6_remove_temporal_decay,80,133,601862,0.23981458444712772,0.31666666666666665,True,,,,,
A6_remove_temporal_decay,80,134,601863,0.2403178829826564,0.2833333333333334,True,,,,,
A6_remove_temporal_decay,80,135,601864,0.2736253485030788,0.32222222222222224,True,,,,,
A6_remove_temporal_decay,80,136,601865,0.24841250095468087,0.3055555555555556,True,,,,,
A6_remove_temporal_decay,80,137,601866,0.2306357659653127,0.31666666666666665,True,,,,,
A6_remove_temporal_decay,80,138,601867,0.26400752641260067,0.3444444444444445,True,,,,,
A6_remove_temporal_decay,80,139,601868,0.26466603182559545,0.32777777777777783,True,,,,,
A6_remove_temporal_decay,80,140,601869,0.282223265010632,0.3166666666666667,True,,,,,
A6_remove_temporal_decay,80,141,601870,0.2721021443846251,0.36111111111111116,True,,,,,
A6_remove_temporal_decay,80,142,601871,0.24053738478698797,0.2777777777777778,True,,,,,
A6_remove_temporal_decay,80,143,601872,0.23945318427719753,0.3111111111111111,True,,,,,
A6_remove_temporal_decay,80,144,601873,0.25664901729230394,0.3111111111111111,True,,,,,
A6_remove_temporal_decay,80,145,601874,0.2804805590878467,0.3666666666666667,True,,,,,
A6_remove_temporal_decay,80,146,601875,0.22370295194181178,0.2944444444444445,True,,,,,
A6_remove_temporal_decay,80,147,601876,0.273986748673009,0.3055555555555556,True,,,,,
A6_remove_temporal_decay,80,148,601877,0.30577101007497753,0.38333333333333336,True,,,,,
A6_remove_temporal_decay,80,149,601878,0.2975344937373545,0.3777777777777778,True,,,,,
A6_remove_temporal_decay,80,150,601879,0.31538883216545566,0.35555555555555557,True,,,,,
A6_remove_temporal_decay,80,151,601880,0.2989157994902096,0.3388888888888889,True,,,,,
A6_remove_temporal_decay,80,152,601881,0.32362534850307867,0.3944444444444445,True,,,,,
A6_remove_temporal_decay,80,153,601882,0.2726054429201538,0.34444444444444444,True,,,,,
A6_remove_temporal_decay,80,154,601883,0.28150046467077167,0.34444444444444444,True,,,,,
A6_remove_temporal_decay,80,155,601884,0.21560833396978724,0.2666666666666667,True,,,,,
A6_remove_temporal_decay,80,156,601885,0.23893657722980133,0.32222222222222224,True,,,,,
A6_remove_temporal_decay,80,157,601886,0.21488553362992702,0.27222222222222225,True,,,,,
A6_remove_temporal_decay,80,158,601887,0.2571523158278327,0.2944444444444445,True,,,,,
A6_remove_temporal_decay,80,159,601888,0.2981929991503493,0.35555555555555557,True,,,,,
A6_remove_temporal_decay,80,160,601889,0.28208136664503336,0.32777777777777783,True,,,,,
A6_remove_temporal_decay,80,161,601890,0.24017598461705789,0.2944444444444445,True,,,,,
A6_remove_temporal_decay,80,162,601891,0.24783159898041915,0.31666666666666665,True,,,,,
A6_remove_temporal_decay,80,163,601892,0.2657502323353859,0.29444444444444445,True,,,,,
A6_remove_temporal_decay,80,164,601893,0.3155307305310543,0.35000000000000003,True,,,,,
A6_remove_temporal_decay,80,165,601894,0.2564295154879723,0.3166666666666667,True,,,,,
A6_remove_temporal_decay,80,166,601895,0.2570104174622341,0.30000000000000004,True,,,,,
A6_remove_temporal_decay,80,167,601896,0.1991353012945412,0.25,True,,,,,
A6_remove_temporal_decay,80,168,601897,0.3067909156579025,0.3555555555555556,True,,,,,
A6_remove_temporal_decay,80,169,601898,0.17304444652881698,0.2333333333333334,True,,,,,
A6_remove_temporal_decay,80,170,601899,0.1976897006148206,0.27222222222222225,True,,,,,
A6_remove_temporal_decay,80,171,601900,0.29905769785580827,0.32777777777777783,True,,,,,
A6_remove_temporal_decay,80,172,601901,0.26430463165566526,0.3388888888888889,True,,,,,
A6_remove_temporal_decay,80,173,601902,0.2309971661352429,0.3055555555555556,True,,,,,
A6_remove_temporal_decay,80,174,601903,0.2398788793739932,0.2944444444444445,True,,,,,
A6_remove_temporal_decay,80,175,601904,0.26473032675246094,0.32222222222222224,True,,,,,
A6_remove_temporal_decay,80,176,601905,0.29825729407721485,0.35555555555555557,True,,,,,
A6_remove_temporal_decay,80,177,601906,0.19841250095468088,0.25555555555555554,True,,,,,
A6_remove_temporal_decay,80,178,601907,0.3576556143633613,0.37777777777777777,True,,,,,
A6_remove_temporal_decay,80,179,601908,0.3067909156579025,0.35555555555555557,True,,,,,
A6_remove_temporal_decay,80,180,601909,0.348696297685878,0.40555555555555556,True,,,,,
A6_remove_temporal_decay,80,181,601910,0.2577332178020944,0.2777777777777778,True,,,,,
A6_remove_temporal_decay,80,182,601911,0.27254114799328827,0.35000000000000003,True,,,,,
A6_remove_temporal_decay,80,183,601912,0.2645241334599968,0.36111111111111116,True,,,,,
A6_remove_temporal_decay,80,184,601913,0.25664901729230394,0.3111111111111111,True,,,,,
A6_remove_temporal_decay,80,185,601914,0.29753449373735447,0.37222222222222223,True,,,,,
A6_remove_temporal_decay,80,186,601915,0.27254114799328827,0.35000000000000003,True,,,,,
A6_remove_temporal_decay,80,187,601916,0.24017598461705786,0.28888888888888886,True,,,,,
A6_remove_temporal_decay,80,188,601917,0.22312204996755003,0.2833333333333333,True,,,,,
A6_remove_temporal_decay,80,189,601918,0.3075137159977628,0.33333333333333337,True,,,,,
A6_remove_temporal_decay,80,190,601919,0.2901626761051905,0.33333333333333337,True,,,,,
A6_remove_temporal_decay,80,191,601920,0.29067928315258657,0.32222222222222224,True,,,,,
A6_remove_temporal_decay,80,192,601921,0.3741286470386074,0.4,True,,,,,
A6_remove_temporal_decay,80,193,601922,0.35729421419343116,0.3888888888888889,True,,,,,
A6_remove_temporal_decay,80,194,601923,0.22348345013748022,0.27222222222222225,True,,,,,
A6_remove_temporal_decay,80,195,601924,0.22348345013748017,0.2777777777777778,True,,,,,
A6_remove_temporal_decay,80,196,601925,0.3318618648407018,0.3777777777777778,True,,,,,
A6_remove_temporal_decay,80,197,601926,0.2481929991503493,0.3055555555555556,True,,,,,
A6_remove_temporal_decay,80,198,601927,0.2734834501374802,0.3388888888888889,True,,,,,
A6_remove_temporal_decay,80,199,601928,0.2645241334599968,0.33333333333333337,True,,,,,
